cry out,叫ぶ,phrase
day off,休みの日,phrase
decide on,を決める,phrase
describe A as B,AをBだと述べる,phrase
distract A from B,AをBからそらす,phrase
donate A to B,AをBに寄付する,phrase
encourage to,するように励ます,phrase
every other,一つおきの,phrase
exclude A from B,AをBから除外する,phrase
figure out,がわかる,phrase
from point of view,の視点から,phrase
get over,を乗り越える,phrase
get together,集まる,phrase
give out,を配る,phrase
grab by,をつかむ,phrase
graduate from,を卒業する,phrase
have an effect on,に影響を及ぼす,phrase
have in mind,～のことを考えている,phrase
head for,に向かう,phrase
hope for,を願う,phrase
in any case,とにかく,phrase
in brief,要するに,phrase
in danger of,の危険がある,phrase
in direction,の方向に,phrase
in exchange for,と交換に,phrase
in harmony with,と調和して,phrase
in need of,を必要として,phrase
in question,問題となっている,phrase
in search of,を捜して,phrase
in the middle of,の真っ最中で,phrase
insist on,するように強く求める,phrase
intend to,するよう意図する,phrase
invest A in B,AをBに投資する,phrase
leave A to B,AをBにゆだねる,phrase
leave behind,を置き去りにする,phrase
Let me,させてください,phrase
little by little,少しずつ,phrase
long ago,ずっと昔に,phrase
look out,気を付ける,phrase
lose weight,体重を減らす,phrase
make a promise,約束をする,phrase
make sure,を確かめる,phrase
make the most of,を最大限に利用する,phrase
many more,ずっと多くの,phrase
no less than,せいぜい,phrase
no matter how,どんなに～でも,phrase
none of,のどれもない,phrase
not to say,とは言わないまでも,phrase
on and off,断続的に,phrase
on the condition that,～という条件で,phrase
one by one,１つずつ,phrase
ought to,すべきである,phrase
out loud,声に出して,phrase
out of work,失業中で,phrase
over and over again,何度も繰り返し,phrase
pass by,通り過ぎる,phrase
pay a visit to,を訪問する,phrase
put away,片づける,phrase
read out,を音読する,phrase
recover from,から回復する,phrase
result from,の結果として生じる,phrase
set up,設立する,phrase
share A with B,AをBと共有する,phrase
side by side with,～と肩を並べて,phrase
sneak in,こっそり入る,phrase
speak out,はっきり話す,phrase
specialize in,を専門にする,phrase
stand by,待機する,phrase
step by step,一歩ずつ,phrase
stop A from B,AにBをさせない,phrase
sympathize with,に同情する,phrase
take down,取り壊す,phrase
take off,を脱ぐ,phrase
the night before,の前の夜に,phrase
the same A as B,Bと同じA,phrase
the week before last,先々週,phrase
to tell the truth,本当のことを言うと,phrase
treat A as B,AをBとして扱う,phrase
turn around,反対方向に向きを変える,phrase
use up,を使い果たす,phrase
what's more,その上さらに,phrase
A and B respectively,AとBそれぞれ,phrase
above all,中でも,phrase
appear to have,したようだ,phrase
as please,の好きなように,phrase
be abundant in,が豊富である,phrase
be acquainted with,と知り合いである,phrase
be ashamed of,を恥じている,phrase
be engaged to,と婚約している,phrase
be fit for,に適している,phrase
be independent of,から独立している,phrase
be out of breath,息が切れている,phrase
be prepared to,する準備が出来ている,phrase
be reluctant to,することをしぶる,phrase
be said to,だと言われている,phrase
be senior to,よりポストが上である,phrase
be short for,の略である,phrase
be subject to,に従っている,phrase
be susceptible to,の影響を受けやすい,phrase
be under an obligation to,する義務がある,phrase
be unwilling to,するのを嫌がる,phrase
be weary of,に嫌気がさしている,phrase
bring up,持ち出す,phrase
bump into,にぶつかる,phrase
by a wide margin,大差で,phrase
by virtue of,のおかげで,phrase
call for,を要求する,phrase
come apart,ばらばらになる,phrase
come into existence,生まれる,phrase
come off,取れる,phrase
compensate for,を補償する,phrase
comply with,に従う,phrase
confuse A with B,AをBと混同する,phrase
congratulate A on B,BのことでAを祝う,phrase
consist of,から成り立っている,phrase
contrary to,に反して,phrase
correspond to,に相当する,phrase
cut down on,を切り詰める,phrase
define A as B,AをBと定義する,phrase
devote A to B,AをBに捧げる,phrase
die out,絶滅する,phrase
differ from,と異なる,phrase
dozens of,数十の,phrase
drive crazy,の頭をおかしくさせる,phrase
end with,で終わる,phrase
enter into,～に参加する,phrase
entitle A to B,AにBの権利を与える,phrase
every now and then,時々,phrase
every other day,一日おきに,phrase
extract A from B,AをBから引き抜く,phrase
face up to,受け止めて対処する,phrase
fall off,落ちる,phrase
feel pity for,に哀れみを感じる,phrase
follow up on,追及する,phrase
for fear of,を恐れて,phrase
for that matter,その事なら,phrase
for the sake of,のために,phrase
get done,をやり終える,phrase
get into,の中に入る,phrase
get to,に到着する,phrase
give rise to,生む,phrase
go bankrupt,倒産する,phrase
go through,を通過する,phrase
go without,～なしに済ます,phrase
had better not,しない方が良い,phrase
hang up,中断する,phrase
hardly any,ほとんどがない,phrase
have an influence on,に影響を与える,phrase
have faith in,を信頼している,phrase
have nothing to do with,と何ら関係がない,phrase
hit on,急に思いつく,phrase
hold the line,電話を切らずに待つ,phrase
in accordance with,に従って,phrase
in comparison with,と比較して,phrase
in contrast to,とは対照的に,phrase
in good faith,誠意をもって,phrase
in pursuit of,を追求して,phrase
in relation to,に関連して,phrase
in return for,のお返しに,phrase
in sight,視界に入って,phrase
in the face of,と向かい合って,phrase
in the short run,短期的には,phrase
in the way of,の邪魔になって,phrase
just around the corner,間近に迫った,phrase
just because,単に～だという理由で,phrase
learn by heart,を暗記する,phrase
let down,～を失望させる,phrase
look into,を調べる,phrase
look over,にざっと目を通す,phrase
look up,を調べる,phrase
make a fool of,馬鹿なことをする,phrase
make up,話をでっちあげる,phrase
make use of,を利用する,phrase
might as well,した方がいいかもしれない,phrase
might have,～したかもしれない,phrase
most of all,何よりも,phrase
not A but B,AではなくB,phrase
not A or B,AでもBでもない,phrase
not always,いつでもとは限らない,phrase
not quite,完全にというわけではない,phrase
not to mention,は言うまでもなく,phrase
now that,今はもう～なので,phrase
on a basis,の基準で,phrase
on account of,のために,phrase
on impulse,衝動的に,phrase
out of place,その場にふさわしくない,phrase
persist in,を主張する,phrase
play a role in,の役割を演じる,phrase
put aside,を脇に置く,phrase
put together,組み立てる,phrase
put up,を掲げる,phrase
range from A to B,AからBに及ぶ,phrase
see if,かどうか確かめる,phrase
see off,見送る,phrase
set aside,脇に置く,phrase
so long as,～である限り,phrase
sum up,合計する,phrase
take after,に似ている,phrase
take for granted,を当然のことと思う,phrase
take hold of,をつかむ,phrase
think nothing of,を全く気にしない,phrase
to death,死ぬまで,phrase
to extent,の程度に,phrase
to one's relief,ほっとしたことに,phrase
within distance,とどく距離に,phrase
without trace,跡形もなく,phrase
work out,うまくいく,phrase
give off,を放つ，放出する,phrase
track down,の跡を辿る,phrase
wash away,を洗い流す,phrase
air out,が乾く，乾燥する,phrase
pin down,をピンで留める，押さえつける,phrase
try out,を試す,phrase
hold off,を寄せ付けない，引き離す,phrase
fall for,に夢中になる，騙される,phrase
miss out,機会を逃す，見落とす,phrase
drag on,長引く，延々と続く,phrase
defend A against B,BからAを守る,phrase
life expectancy,余命，寿命,phrase
for instance,例えば,phrase
in response to,に応じて，に反応して,phrase
identify A as B,AがBだと分かる，認識する,phrase
pass on,通り過ぎる，を伝える,phrase
in place of,の代わりに,phrase
tuition fee,授業料,phrase
feed on,にエサをやる,phrase
send in,に送る,phrase
in exchange,引き換えに，交換として,phrase
run down,流れ落ちる，荒廃する,phrase
blend in,溶け合う，調和する,phrase
brush off,をすげなく断る，無視する,phrase
cut down,を減らす，削減する,phrase
feed off,から取って食べる，情報を得る,phrase
go under,失敗する，破産する,phrase
knock down,を取り壊す，打ち倒す,phrase
pass for,として通る，通過する,phrase
pile in,どっと中に入る,phrase
pull over,車を止める,phrase
bank on,を当てにする，頼る,phrase
build up,増大する，築き上げる,phrase
cover for,を覆う，代理となる,phrase
dish out,盛り付ける，配膳する,phrase
fit into,に溶け込む，調和する,phrase
pass off,次第に消える，うまくやる,phrase
pass over,を無視する，通り越す,phrase
press for,をせがむ，要求する,phrase
pull through,を乗り越える,phrase
rub in,刷り込む，繰り返し言う,phrase
stand over,を監督する，延期する,phrase
put forth,を進める，出す,phrase
back off,後退する，後ろに下がる,phrase
fall under,支配下に入る，分類される,phrase
pile up,を積み上げる,phrase
shake up,大きく変える，再編する,phrase
see through,を見抜く，見通す,phrase
win over,に勝つ，勝利する,phrase
tell on,言いつける，告げ口する,phrase
round up,寄せ集める，切り上げる,phrase
level off,平らにする,phrase
ease into,にゆっくりと入る,phrase
force down,を無理やり飲み込む,phrase
stick up for,を支持する，を弁護する,phrase
slip by,そっと通り過ぎる,phrase
talk down to,見下して話す,phrase
grow into,に発展する,phrase
skim over,流し読みする，ざっと読む,phrase
branch off,分岐する，枝を広げる,phrase
tip over,ひっくり返る，転覆する,phrase
scratch out,(線を引いて)消す,phrase
hold out,持ちこたえる，我慢する,phrase
blast off,発射される,phrase
pack up,を荷造りする,phrase
feel for,を感じる，同情する,phrase
stir up,をかき混ぜる，刺激する,phrase
shut out,を締め出す,phrase
lock in,を閉じ込める,phrase
come down to,結局～になる，に帰する,phrase
keep up on,の最新状況を把握する,phrase
stand up to,に抵抗する，耐える,phrase
fall away,弱まる，落ちる,phrase
fire up,点火する，起動する,phrase
stick around,居残る，うろうろする,phrase
step down,降りる，身を引く,phrase
play up,を重視する，強調する,phrase
fix up,を修理する，決定する,phrase
throw off,を投げ捨てる,phrase
clean out,を一掃する,phrase
grow on,成長する，大きくなる,phrase
lift off,離陸する,phrase
come before,の前に現れる,phrase
hold over,を持ち越す,phrase
roll up,を巻き上げる,phrase
stay off,から離れる，距離を取る,phrase
smooth over,丸く収める，穏便に済ます,phrase
burn out,を焼き尽くす,phrase
cross out,線を引いて消す,phrase
make over,を作り替える,phrase
eat up,食べつくす，使い果たす,phrase
run against,にぶつかる，偶然出会う,phrase
crack up,大破する，くじける,phrase
spring up,突然現れる，跳ね上がる,phrase
fall through,失敗に終わる，駄目になる,phrase
even out,平らになる，安定する,phrase
pull in,到着する，片側に寄る,phrase
pick through,を探る，選りすぐる,phrase
carry through,やり通す，成し遂げる,phrase
be tidied up,きちんと片づけた，整えた,phrase
give in,降伏する，屈する,phrase
bounce back,持ち直す，跳ね返す,phrase
stand down,身を引く，引退する,phrase
wrap up,纏める，終了する,phrase
trip up,を躓かせる,phrase
sit in,座り込む,phrase
play out,最後まで演じる，遊ぶ,phrase
head out,出発する，去る,phrase
bring off,を成し遂げる,phrase
add up to,結局～になる,phrase
fall back on,に頼る,phrase
hang around,うろつく，徘徊する,phrase
settle up,を支払う，清算する,phrase
back down,手を引く,phrase
drop back,後退する,phrase
jump at,に飛びつく,phrase
face off,対決する，向き合う,phrase
play down,を軽く扱う,phrase
read off,を読み上げる，すらすら読む,phrase
hand off,を渡す,phrase
speak for,を代弁する，弁護する,phrase
weigh on,の重荷になる，負担になる,phrase
bring on,を引き起こす,phrase
split up,を分ける，分割する,phrase
drive off,を追い払う,phrase
talk up,を大袈裟にほめる,phrase
give over,を任せる,phrase
tie up,を縛り上げる,phrase
let up,やめる，弱まる,phrase
pick over,を吟味して選ぶ,phrase
critical of,を批判する,phrase
place limitation on,に制限を加える,phrase
along with,に沿って,phrase
low frequency,低周波,phrase
subject to,の支配下にある，によると,phrase
stop A from doing B,AがBすることを止める,phrase
in hope of,を期待して,phrase
law enforcement,法の執行,phrase
go against,に反して，に逆らって,phrase
biased against,に対する偏見,phrase
water vapor,水蒸気,phrase
look to,を頼りにする,phrase
take A away from B,BからAを取る,phrase
make ends meet,収支を合わせる，つじつまを合わせる,phrase
experiment with,を試す，実験する,phrase
get by,どうにか切り抜ける,phrase
saving account,普通預金,phrase
what if,もし～ならば,phrase
come along,一緒に行く,phrase
keep A company,Aに同行する，一緒に行く,phrase
catch up,遅れを取り戻す，追いつく,phrase
mother-in-law,義理の母，義母,phrase
role model,お手本,phrase
invest in,に投資する,phrase
sign up,登録する，署名する,phrase
across from,の向かいに,phrase
despite,にも関わらず,phrase
not surprisingly,当たり前の事だが,phrase
be aimed at,を狙っている，が意図されている,phrase
cut off,を断つ，切る,phrase
rebel against,に反抗する，対抗する,phrase
in line with,に従って，一致して,phrase
stay in touch with,と連絡を取り続ける,phrase
put A aside,Aを脇に置く,phrase
finish off,を完成させる，終わらせる,phrase
under warranty,保証期間中,phrase
health insurance,健康保険,phrase
light bulb,電球,phrase
on the run,逃走中の，走っている,phrase
trade in,を下取りに出す,phrase
down payment,頭金，手付金,phrase
register for,に登録する,phrase
on the rise,上昇中で,phrase
by contract,契約で，契約上の,phrase
lose out to,に負ける,phrase
real estate,不動産,phrase
conform to,に順応する，慣れる,phrase
fall into,に属する，分類される,phrase
hold up,持ちこたえる,phrase
aim to,するつもりである，を目的とする,phrase
clean cut,きちんとした，分かりやすい,phrase
to be honest,正直に言うと,phrase
put A to sleep,を眠らせる，安楽死させる,phrase
in mind,頭に置いて，考慮して,phrase
application form,申込用紙，申込用紙,phrase
bring A in,を持ち込む,phrase
at fault,落ち度がある，咎められるべき,phrase
a range of,様々な，色々な,phrase
combine A with B,AとBを組み合わせる,phrase
play at,起用する，遊ぶ,phrase
narrow down A to B,AをBに限定する,phrase
keep A out of B,AをBに入れない,phrase
confess to,を白状する，告白する,phrase
side job,副業，アルバイト,phrase
medical checkup,健康診断,phrase
stop by,立ち寄る,phrase
annual fee,年会費,phrase
keep A away from B,AをBから遠ざける,phrase
classify A as B,AをBに分類する,phrase
drop by,に立ち寄る,phrase
come into,に入る，受け継ぐ,phrase
close in,を閉じ込める,phrase
tune up,を調整する，整備する,phrase
sit by,傍観する,phrase
sink in,浸透する，理解される,phrase
wear off,擦り切れる，徐々に減る,phrase
count for,の価値がある,phrase
go back on,を裏切る，約束を破る,phrase
do away with,を廃止する，除く,phrase
take pride in,を誇りにする,phrase
put A into place,Aを実行する,phrase
on standby,待機して,phrase
distance A from B,AをBから遠ざける,phrase
fit in,うまく馴染む，溶け込む,phrase
come to a head,山場を迎える,phrase
fight back,応戦する，やり返す,phrase
miltary service,兵役，徴兵,phrase
civil rights,公民権，市民権,phrase
be laid up,寝込む,phrase
sort out,分類する，改善する,phrase
push A back,Aを遅らせる,phrase
push through,押し通す，芽が出る,phrase
wisdom tooth,親知らず,phrase
paid vacation,有給休暇,phrase
be located in,に位置している,phrase
benefit from,で利益を得る,phrase
up for,に参加しようとしている,phrase
speaking of which,と言えば，に関して,phrase
as before,以前の様に，以前と同等に,phrase
as it turns out,結局のところ,phrase
split off A from B,AをBから切り離す,phrase
threaten A with extinction,Aを絶滅の危機にさらす,phrase
in development,開発中の,phrase
fit A with B,AにBを備え付ける,phrase
fall out of favor with,に嫌われる,phrase
on balance,考慮すると，結局,phrase
match A with B,AをBと適合させる,phrase
obstacle to,への障壁,phrase
blood vessel,血管,phrase
hit the books,猛勉強する,phrase
let A go,Aを解雇する，自由にする,phrase
sales quota,売上ノルマ,phrase
no better than,と変わらない，同じぐらい悪い,phrase
out of nowhere,いきなり，突然,phrase
help out,手伝う,phrase
stick to,にくっつく,phrase
advise A on B,AにBについて助言する,phrase
be likely to,しそうである，する可能性が高い,phrase
bank account,銀行口座,phrase
replace A with B,AをBに置き換える,phrase
have access to,を利用できる,phrase
parking lot,駐車場,phrase
grant A to B,BにAを供与する,phrase
dual citizenship,二重国籍,phrase
integrate A into B,AをBに統合する,phrase
conflict with,と相容れない，合わない,phrase
replace A as B,BとしてAに取って代わる,phrase
toxic to,に有毒な,phrase
place a ban on,を禁止する,phrase
transmit A to B,AをBに伝染させる，移す,phrase
as it stands,現状では,phrase
crash down,崩れる，台無しになる,phrase
replace A by B,AをBで置き換える,phrase
categorize A as B,AをBの範疇に分ける,phrase
vice versa,反対に，反対もまた,phrase
be critical of,に批判的である,phrase
town twinning,姉妹都市提携,phrase
public official,公務員,phrase
natural disaster,自然災害,phrase
file a suit,提訴する，訴訟を提出する,phrase
in excess,過度に，余分に,phrase
let out,外に出す，解放する,phrase
buckle down,精を出す，全力を尽くす,phrase
come through,を通り抜ける，やり通す,phrase
chip in,寄付する，金を出す,phrase
slip up,やり損なう，うっかり誤る,phrase
nod off,眠り込む，眠る,phrase
cross over,越えて渡る,phrase
gear up,準備を整える，ギアを高速に入れる,phrase
leave off,脱いだままでいる，着ずにいる,phrase
lock up,刑務所，留置所,phrase
kick around,粗末に扱う，酷使する,phrase
get down to,に下りる，取り組む,phrase
send out for,お使いに出す，出前を頼む,phrase
grow out of,から生じる，脱皮する,phrase
walk off with,から歩いて出る，立ち去る,phrase
head off,を回避する，阻止する,phrase
back up,を後援する，後退させる,phrase
hang on,しがみつく，頑張る,phrase
kick off,始める，追い払う,phrase
get in on,加わる，乗り込む,phrase
best for,～にとって最良の,phrase
pull together,力を結集する，協力する,phrase
frankly speaking,率直に言うと,phrase
burst into,乱入する、急にし始める,phrase
go about,歩き回る、広まる,phrase
break through,突破する，切り抜ける,phrase
pass up,逃す，断る,phrase
turn away,追い返す,phrase
mess up,台無しにする,phrase
talk over,相談する、議論する,phrase
back out,取り消す，約束を破る,phrase
pull down,取り壊す，引き下げる,phrase
in use,使用中の,phrase
for once,今回だけ,phrase
as yet,今のところ，まだ,phrase
bring down,降ろす，仕留める,phrase
fall on,降りかかる,phrase
bound for,行きの，向けの,phrase
in conclusion,結論として,phrase
on hand,近くに，手元に,phrase
step in,介入する，立ち入る,phrase
go into effect,影響が始まる，発行される,phrase
tear up,引き裂く,phrase
around the clock,一日中,phrase
come to a halt,一旦停止する,phrase
take A for granted,を当然と思う,phrase
leave out,を省略する，を除外する,phrase
gaze at,を見つめている，をじっと見ている,phrase
stare at,をじっと見つめる,phrase
put through,やり遂げる，に電話を繋ぐ,phrase
pull off,もぎ取る，成功を掴む,phrase
first and foremost,まず第一に，真っ先に,phrase
for the purpose of,の目的で，を目的に,phrase
in the midst of,の真っただ中,phrase
owing to,のために，のおかげで,phrase
look through,に目を通す，一通り調べる,phrase
vote for,に賛成する，に投票する,phrase
cut out for,に向いている、向き,phrase
lean on,に寄りかかる，にもたれる,phrase
in addition to,に加えて,phrase
come in contact with,と接触する，連絡する,phrase
die of,で死ぬ，亡くなる,phrase
make do with,で間に合わせる，でやりくりする,phrase
so as to,するように，なるように,phrase
submit A to B,AをBに提出する,phrase
as far as A is concerned,Aに関すると，Aに関する限りでは,phrase
adjust A to B,AとBを調整する,phrase
congratulate on,祝う，祝いの言葉を述べる,phrase
be into,に夢中になる，に嵌っている,phrase
take steps,順序を踏む，対策を打つ,phrase
be identical to,と同一である，と同じである,phrase
to some degree,ある程度，一定程度,phrase
be qualified to,の資格がある,phrase
without reserve,遠慮せず，遠慮なく,phrase
in all probability,十中八九,phrase
be worthy to,に値する，価値がある,phrase
as A as any,Aで誰にも劣らず,phrase
free of charge,無料で，タダで,phrase
improve on,を改善する，改良する,phrase
be addicted to,の中毒になる，癖になる,phrase
derive from,から派生する,phrase
get hold of,を手に入れる，に連絡を取る,phrase
scold A for B,BのことでAを叱る,phrase
a bunch of,たくさんの，多量の,phrase
as A as ever,いつものように，相変わらず,phrase
as is,そのまま，現状のままで,phrase
fix on,を固定する，取り付ける,phrase
think much of,を尊重する，評価する,phrase
in parallel,並行して，並んで,phrase
be apt to,しがちである，する癖がある,phrase
take A into consideration,Aを考慮に入れる,phrase
up to now,今まで，現在まで,phrase
attend on,に参加する，付き添う,phrase
be faithful to,に忠義を尽くす，付いていく,phrase
provided that,である限り，という条件で,phrase
come out with,を見せる，口に出す,phrase
interfere with,に干渉する,phrase
hold still,止まる，座る,phrase
commit suicide,自殺する,phrase
at the end of the day,一日の終わりに,phrase
way to go,良い調子,phrase
forget oneself,我を忘れる，夢中になる,phrase
for real,本物の，本気で,phrase
buy out,買い取る，株を買い取る,phrase
pretend to do,するふりをする,phrase
quite a bit,たくさんの，かなりの,phrase
now and again,時々,phrase
in succession,連続して，引き続き,phrase
either way,どちらにしても，どのみち,phrase
convict of,で有罪判決とする,phrase
catch A's eye,Aの目を引く,phrase
surrender to,に降伏する,phrase
split the bill,割り勘をする，割り勘,phrase
elaborate on,を詳しく述べる，詳しく話す,phrase
bear fruit,実を結ぶ，効果を生み出す,phrase
by force,力ずくで，無理やり,phrase
draw into,引き込む，引き入れる,phrase
hardly before,～するやいなや，～するかしないうちに,phrase
in a passion,情熱を持って,phrase
take heart,勢い付く，元気になる,phrase
fall behind,遅れる，追い越される,phrase
spell out,綴りを書く，綴りを言う,phrase
in doubt,疑って，迷って,phrase
be impatient with,イライラして，もどかしくて,phrase
confide in,信じる，許す,phrase
consider A as B,AをBと見なす,phrase
add up,足し合わせる，合計する,phrase
be distinct from,とは区別する，とは異なって,phrase
ever since,それ以来，それ以降,phrase
none the less,それでもなお,phrase
in years,年間で,phrase
associate with,と関連付ける,phrase
mother tongue,母国語,phrase
wipe out,を一掃する，全滅させる,phrase
to the full,いっぱいに，心ゆくまで,phrase
top off,仕上げをする，終える,phrase
prohibit A from doing,Aがすることを禁止する,phrase
hesitate to,をためらう,phrase
sleep on,を一晩寝て考える，決定を一日延ばす,phrase
check up on,調べる，照合する,phrase
crop up,突然現れる，生じる,phrase
be obliged to do,する義務がある,phrase
sit back,深く座る，傍観する,phrase
entrust A to B,AからBに委託される,phrase
build A into B,AをBに組み入れる,phrase
touch down,着陸する，降り立つ,phrase
close call,間一髪，際どいところ,phrase
fade away,消えていく，消滅していく,phrase
tens of thousands,何万もの，数万の,phrase
cash in,現金に変える，現金を投入する,phrase
good for nothing,何の役にも立たない,phrase
be devoted to,に専念した，に夢中な,phrase
black out,消灯する，黒く塗りつぶす,phrase
convince A of B,BについてAを納得させる,phrase
bear out,裏付ける，支持する,phrase
at home with,慣れて，精通して,phrase
as much as to say,と言わんばかりに,phrase
oddly enough,奇妙なことに，おかしなことに,phrase
be bent on,熱心で，決意を持って,phrase
crank up,刺激する，始動する,phrase
be consistent with,に首尾一貫している,phrase
in consequence,結果として,phrase
in contrast with,とは対照的に,phrase
loosen up,緩める，ほぐす,phrase
beware of,注意する，気を付ける,phrase
take delight in,喜びを得る，面白がる,phrase
as it happens,それが起こるとき,phrase
end up with,で終わる，の羽目になる,phrase
in prospect,予期されて，見込みがあって,phrase
illustrate A with B,BでAを描く，表現する,phrase
starve to death,飢え死にする，餓死する,phrase
interfere in,に干渉する,phrase
on the decline,衰退中の，下降中の,phrase
bet on,に賭ける，賭けをする,phrase
concentrate A on B,AをBに集中させる,phrase
engage in,に従事する,phrase
free up,解放する，自由にする,phrase
by coincidence,偶然に，たまたま,phrase
hang over,持ち越される，継続する,phrase
operate on,を運営する，操作する,phrase
be crowded with,で混んでいる,phrase
ask A out,Aを誘い出す,phrase
put it briefly,簡単に言うと，短く言うと,phrase
might as well do,するかもしれない,phrase
be applicable to,に当てはまる，に適している,phrase
at worst,最悪の場合,phrase
on principle,原則として,phrase
originate in,に端を発する，起因する,phrase
be vulnerable to,に弱い，傷つきやすい,phrase
catch up on,に追い付く,phrase
classify A into B,AをBに分類する,phrase
inquire into,に尋ねる,phrase
irrespective of,に関わりなく,phrase
at the sacrifice of,の犠牲によって,phrase
live off,によって生きる，で生計を立てる,phrase
watch over,見守る，見張る,phrase
one and only,たった一つだけ，一つ限りの,phrase
from top to bottom,上から下まで,phrase
take up with,と仲良くなる,phrase
for life,一生の，生きるために,phrase
close out,締め切る，売り払う,phrase
break the ice,話の口火を切る,phrase
contend with,と戦う，張り合う,phrase
on the brink of,の危機にひんして,phrase
be in for,に直面しそうな，に参加する,phrase
kick back,逆襲する，見返り,phrase
strictly speaking,厳密に言えば,phrase
cough up,咳払いする,phrase
abstain from,を控える，慎む,phrase
conform A to B,AをBに合わせる,phrase
a touch of,ほんの少しの，一抹の,phrase
at a premium,特別に、割増の,phrase
wash up,顔や手を洗う，皿洗いをする,phrase
get over with,を乗り越える，克服する,phrase
catch on with,に追いつく,phrase
none the more,それでもなお,phrase
nothing much,大したことはない，特に何もない,phrase
tie into,結び付ける，調和させる,phrase
ring a bell,思い出させる，聞いたことのある,phrase
out of the picture,目立たない，重要でない,phrase
go places,遊びまわる，出世する,phrase
carry over,持ち越す,phrase
lay in,蓄える，仕入れる,phrase
draw out,引き抜く，引き伸ばす,phrase
take pity on,に同情する，哀れむ,phrase
fence in,を囲い込む,phrase
touch off,発射させる,phrase
write off,すぐに書く,phrase
buy off,お金で解決する,phrase
at one's disposal,自由に，好きなように,phrase
give of,分け与える,phrase
make an end of,で済ませる，終わらせる,phrase
in vogue,流行している、流行っている,phrase
bail out,脱出する，救済する,phrase
tell A apart,Aを区別する,phrase
at a standstill,停止中の，行き詰って,phrase
go in for,に参加する，携わる,phrase
in recognition of,の認識で,phrase
set back,後退する，戻す,phrase
in a breath,一息で,phrase
set at,評価する，設置する,phrase
glare at,睨みつける,phrase
kill oneself,自殺する，自害する,phrase
rub off,こすり落とす,phrase
lean over,寄りかかる，屈む,phrase
stay put,入れたまま，元のままで,phrase
in large,大規模に，概して,phrase
on edge,イライラして,phrase
be proficient in,に精通している,phrase
take cover,隠れる，避難する,phrase
up in the air,漠然とした，未決定の,phrase
ease up,緩む，和らぐ,phrase
lie with,の役目である，次第である，,phrase
make matters worse,問題を悪化させる,phrase
take A by surprise,Aを驚かせる,phrase
off duty,非番の，勤務時間外の,phrase
be appropriate to,にふさわしい，適している,phrase
out and about,出歩いて，外に出られる,phrase
hook up,つなぐ，引っかける,phrase
notify A of B,AにBを通知する,phrase
glance at,一瞥する，ちらっと見る,phrase
go through with,で通り抜ける，通過する,phrase
in a vacuum,真空で，真空中で,phrase
have a tendency to,する傾向がある,phrase
speak well of,の事を良く言う，ほめる,phrase
be oblivious of,忘れがちな，気づかないで,phrase
map out,綿密に計画する,phrase
hide out,隠れる，潜伏する,phrase
in a second,すぐに，一瞬で,phrase
clear away,取り除く，片づける,phrase
beef up,強化する,phrase
no offense,悪気はなく，悪気なく,phrase
high and low,高きも低きも，あらゆる人達,phrase
stamp out,踏み消す，鎮圧する,phrase
be versed in,に精通している，に詳しい,phrase
drink in,吸収する，見とれる,phrase
under the table,こっそりと，そでの下で,phrase
in focus,焦点があっている,phrase
in a million,最高の,phrase
to all appearances,どうみても，明らかに,phrase
crash into,衝突する，ぶち当たる,phrase
bottom out,底をつく，底値に達する,phrase
set A apart,Aを離す,phrase
run off,流出する，逃げる,phrase
look beyond,視野を広げる，先を見据える,phrase
chew on,かじりつく，しゃぶり付く,phrase
with A start,はっとして，ビクッとして,phrase
kick out,追い出す,phrase
pop in,飛び込む，飛び入る,phrase
dream on,夢を見続ける,phrase
be obliged to,義務を負う,phrase
down to earth,分別のある，現実的な,phrase
go to extremes,極端に行く，行き過ぎる,phrase
to be frank,率直に言って，正直なところ,phrase
in diameter,直径で,phrase
be innocent of,無罪の，罪のない,phrase
keep in,抑える，閉じ込める,phrase
entrust A with B,AにBを委託する，任せる,phrase
on the subject of,に関して，について,phrase
break the news,悲報を伝える,phrase
be inferior to,より劣って,phrase
be badly off,貧乏している，お金のない,phrase
spit it out,白状する，吐き出すように言う,phrase
hole up,冬眠する，隠れる,phrase
drag out,引き出す，長引かせる,phrase
hand in hand with,手を取り合って，手を取って,phrase
out of the ordinary,並外れた，普通でない,phrase
think better of,よく考える，見直す,phrase
level out,平らげる，平らにする,phrase
roll out,製品投入する，水平展開する,phrase
in so far as,する限りにおいて,phrase
not necessarily,必ずしも必要でなく,phrase
pull into,引き入れる，引き込む,phrase
point up,強調する，際立たせる,phrase
tell off,小言を言う，叱りつける,phrase
true to life,写実的，そっくりの,phrase
in haste,急いで，慌てて,phrase
in obedience to,従順で，応じて,phrase
be disappointed at,にがっかりして,phrase
head on,正面から，真向かいに,phrase
expand on,について詳しく話す,phrase
pull up to,追いつく，並ぶ,phrase
pull the plug,停止させる,phrase
put A into practice,Aを実践する，実行する,phrase
have a clue,手がかりがある,phrase
write out,書きつくす，書くことがなくなる,phrase
ship out,出荷する，積み出しする,phrase
at the cost of,の代償を払って，を犠牲にして,phrase
consent to,に納得する、を許す,phrase
crack down,厳しく取り締まる，処罰する,phrase
hinge on,決定する，定まる,phrase
hit it off,仲良くやる，ウマが合う,phrase
turn out for,に向かう，の方向に進む,phrase
hear out,最後まで聞く,phrase
worlds apart,別世界の，非常に異なって,phrase
let off,降ろす，放つ,phrase
for the benefit of,のために,phrase
be alien to,と調和せずに，相容れなくて,phrase
pull away from,から引き離す,phrase
up to speed,事情を理解している,phrase
on the occasion of,に際して，にあたって,phrase
beyond number,数えきれないほど，無数の,phrase
on bail,保釈中の，出所中の,phrase
first and last,総じて，概して,phrase
slip A's mind,Aから忘れられる,phrase
all in one,全て含んで，一致して,phrase
inquire of,を問い合わせる,phrase
stop off,途中下車する,phrase
back down on,撤回する，取り消す,phrase
for the rest,残りについては，後は,phrase
in due time,やがて，いつかは,phrase
roll in,たくさん入る，転がり入る,phrase
in the middle of nowhere,辺ぴな所に，何もない所に,phrase
burst into laughter,吹き出す，どっと笑い出す,phrase
do an injustice to,誤解する，価値を見誤る,phrase
loud and clear,はっきりと，明確に,phrase
praise A for B,AをBについて賞賛する，ほめる,phrase
at the outset,最初に，初めは,phrase
pick up the tab,勘定を払う，支払いをする,phrase
sneak up on,忍び寄る，こっそり近づく,phrase
bite on,に真剣に取り組む，に噛みつく,phrase
drink up,飲み干す,phrase
in one's absence,不在中に，留守中に,phrase
in excess of,より過度に，を上回って,phrase
draw back,引き戻す,phrase
serve up,仕える，食卓に出す,phrase
under cover,内密に，隠れて,phrase
take leave of,と告別する，別れる,phrase
be distinguished for,と区別される,phrase
walk away with,と一緒に歩いて出る,phrase
in dispute,論争中の,phrase
at no time,決してしない,phrase
struggle with,と闘う，争う,phrase
live through,生き延びる,phrase
quarrel with,とけんかする，口論する,phrase
under consideration,検討中の,phrase
go overboard,極端に走る，夢中になる,phrase
gain on,追い上げる，侵食する,phrase
alive and well,健在で，元気で,phrase
just as well,差支えない，ちょうど良い,phrase
wash out,洗い流す,phrase
build out,構築する,phrase
draw a line,線を引く，一線を引く,phrase
on trial,試用中で，審理中で,phrase
in an instant,瞬時に，一瞬で,phrase
hard of hearing,難聴の，耳の遠い,phrase
eat away,食い荒らす，侵食する,phrase
yet again,再び，またまた,phrase
by default,既定では，初期段階から,phrase
rule of thumb,親指で計測すること，大雑把な方法,phrase
want for,に欠ける，必要とする,phrase
edge out,徐々に押しのける，辛勝する,phrase
come around,遠回りする，立ち寄る,phrase
rise and shine,起き上がる,phrase
jack up,吊り上げる，ジャッキで上げる,phrase
mingle with,と混ざる，交じる,phrase
to no avail,無駄に，役に立たずに,phrase
be doomed to,運命づけられる，の運命にある,phrase
talk back to,に口答えする，言い返す,phrase
in the abstract,理論上は，理論的には,phrase
right off,すぐに，直ちに,phrase
root out,根絶する，一掃する,phrase
in the red,赤字で,phrase
trifle with,ぞんざいに扱う，いい加減にあしらう,phrase
be obsessed with,に取り付かれる，で頭がいっぱい,phrase
be akin to,に似ている，と同種である,phrase
admire A for B,BについてAを賞賛する,phrase
cheat on,でずるをする，裏切る,phrase
pay regard to,を尊重する,phrase
get past,のそばを通る，通り抜ける,phrase
conjure up,素早く出す，呪文で呼び出す,phrase
out of bounds,立入禁止で，境界線を越えて,phrase
least of all,とりわけ，最も～ない,phrase
iron out,解決する，しわを伸ばす,phrase
bow out,お辞儀して退出する，身を引く,phrase
bear down,圧迫する，制圧する,phrase
issue A to B,AをBに支給する，発行する,phrase
be incongruous with,と矛盾する，と不一致である,phrase
from hand to mouth,その日暮らしで,phrase
in substance,実質上,phrase
bear the brunt of,の矢面に立つ，まともに受ける,phrase
slip of the tongue,失言，口を滑らせる,phrase
abound in,であふれている，に富む,phrase
exert oneself to,するために努力する,phrase
equate A with B,AとBを等しくする,phrase
wrestle with,取っ組み合う，取り組む,phrase
be indebted to,に負債がある，恩義がある,phrase
in the suburbs of,の郊外で,phrase
inflict A on B,BにAを与える，負わせる,phrase
to no purpose,何の目的もなく，無駄に,phrase
have a flat tire,タイヤがパンクする,phrase
zero in on,に的を絞る，照準を合わせる,phrase
all thumbs,手先が不器用な，ぶざまな,phrase
in the mood for,したい気分である，する気になっている,phrase
rest on,に基づく，に頼る,phrase
complain of,を訴える，の不平を言う,phrase
tear off,引きちぎる，脱ぎ捨てる,phrase
snap out of,から素早く脱出する，抜け出す,phrase
under fire,攻撃を受けて，批判を受けて,phrase
halfway house,中盤，妥協点,phrase
fall prey to,の餌食になる，犠牲になる,phrase
trot out,持ち出す，言い出す,phrase
from A to Z,最初から最後まで，終始,phrase
shed light on,に光を放つ，当てる,phrase
pass through,を通る，通り抜ける,phrase
all told,全体で，結局,phrase
take offense at,に怒る，腹を立てる,phrase
not absolutely,絶対ではない，必ず，ではない,phrase
bowl over,を打ち倒す，仰天させる,phrase
far cry from,叫び声から遠い，からほど遠い,phrase
lie on,責任がある，のしかかる，横になる,phrase
take a beating,負ける，敗北する,phrase
put emphasis on,に重点を置く，を重んじる,phrase
be destitute of,に困窮する，を持っていない,phrase
break into tears,涙が出る，泣き出す,phrase
cast off,投げ捨てる，縄を解く,phrase
go astray,行方不明になる，堕落する,phrase
round and round,グルグルと，うろうろと,phrase
in a bad temper,不機嫌に，機嫌の悪い,phrase
stick up,上に突き出る，両手を挙げさせる,phrase
think out,考え抜く，熟考する,phrase
take root,根付く，定着する,phrase
drink to,を祝って飲む，偲んで酒を飲む,phrase
behind the scenes,舞台裏で，陰で,phrase
put up at,に泊まる，宿泊する,phrase
do A harm,Aに害を及ぼす，傷つける,phrase
make allowance for,を大目に見る，を考慮に入れる,phrase
be reckless of,を気に掛けない,phrase
head over heels,真っ逆さまに，逆さまに,phrase
bargain for,について交渉する，話し合う,phrase
make a fuss,大騒ぎする，騒ぎ立てる,phrase
branch out,枝を出す，手を広げる,phrase
carry off,運び去る，誘拐する,phrase
sticking point,障害，行き詰り,phrase
swallow up,飲み込む，使い尽くす,phrase
the lion's share,最大の分け前，大きすぎる分け前,phrase
in disguise,変装した,phrase
strip A of B,AからBを取り去る，奪う,phrase
blow in,風が吹き込む，突然現れる,phrase
an eye for an eye,目には目を，同じことをやり返す,phrase
hail from,の出身である,phrase
in a nutshell,一言で言えば，極めて簡単に言えば,phrase
sleep in,寝床に入る，ゆっくり寝る,phrase
dos and don'ts,規則集，注意事項,phrase
no sweat,容易に，お安い御用で,phrase
ups and downs,浮き沈み，上昇と下降,phrase
barge in,入り込む，押しかける,phrase
call down,下に向って叫ぶ，叱りつける,phrase
word for word,一言一句，文字通りに,phrase
catch a glimpse of,をちらっと見る，垣間見る,phrase
buy up,全部買う，買収する,phrase
set forth,説明する,phrase
in anticipation of,を予期して，見込んで,phrase
bestow A on B,BにAを授ける，費やす,phrase
ring out,退出時間を記録する，鳴り響く,phrase
buck for,得ようと努める，求める,phrase
to say the least,控えめに言っても,phrase
phase out,段階的に廃止する，撤去する,phrase
for the good of,のために,phrase
turn pale,青ざめる，血色が悪くなる,phrase
out of the woods,森の外へ，困難を脱して,phrase
odds and ends,がらくた，半端なもの,phrase
set a precedent,先例を作る,phrase
pertain to,に関係する，にふさわしい,phrase
shelf life,保存可能期間，賞味期限,phrase
stumbling block,障害，障害物,phrase
pore over,を凝視する，熟読する,phrase
direct A to B,AにBへの道を教える，誘導する,phrase
pick up the thread,再び続ける，再開する,phrase
day in， day out,明けても暮れても，毎日毎日,phrase
pan out,砂金が出る，成功する,phrase
and the like,など，および同類の物,phrase
up for grabs,容易に手に入る，誰が勝つかわからない,phrase
shell out,支払う，大金を払う,phrase
by the same token,同様に，さらに,phrase
all ears,耳を傾ける，熱心に聴く,phrase
boil over,沸騰してこぼれる，憤慨する,phrase
be devoid of,を持っていない，に欠いている,phrase
sleep over,外泊する，を見落とす,phrase
back away,後退する，バックさせる,phrase
capitalize on,に資本を投下する，を利用する,phrase
keep abreast of,を常に把握している，通じている,phrase
succumb to,に負ける，で死ぬ,phrase
with open arms,両手を広げて,phrase
down the drain,排水路に流されて，失われて,phrase
without so much as doing,さえしないで,phrase
hip to,に気づいている,phrase
infringe on,侵害する,phrase
tide over,乗り切る,phrase
pick up the pieces,欠片を拾う，事態を修復する,phrase
pay down,頭金として払う，即金で払う,phrase
lay down,を横たえる,phrase
to excess,過剰に，過度に,phrase
rank and file,兵卒，一般人,phrase
give way,道を譲る，くじける,phrase
wear and tear,磨耗，摩滅,phrase
in one's presence,目の前で,phrase
run errands,使い走りをする，お使いをする,phrase
in abundance,大量に，豊富に,phrase
water down,水で薄める，和らげる,phrase
fall in with,と知り合いになる，交際する,phrase
ball up,混乱する，台無しにする,phrase
at face value,額面通り，表面通りの価値で,phrase
have off,取り外す，休暇を取る,phrase
steal the show,話題をさらう，人気をさらう,phrase
poke fun at,をからかう,phrase
reproach A for B,BのことでAを非難する，咎める,phrase
in token of,の証拠に，のしるしとして,phrase
land A with B,AにBを引き受けさせる,phrase
buy over,買収する，味方に抱き込む,phrase
avail oneself of,を利用する,phrase
gun for,を追い求める，必死になる,phrase
speak ill of,の悪口を言う，を悪く言う,phrase
wind up,巻き上げる，終わりにする,phrase
boil down to,煮詰める，結局～になる,phrase
ten to one,10対1で，じゅっちゅうはっく,phrase
at close quarters,間近に，接近して,phrase
vouch for,を保証する,phrase
carve up,切り分ける，分割する,phrase
in the concrete,具体的に,phrase
rise and fall,上下する，起伏する,phrase
go nuts,気がふれる，怒り狂う,phrase
spring from,から生じる,phrase
fish for,聞き出す，誘い出す,phrase
be bound up with,と密接な関係のある，深く関係した,phrase
get wet to the skin,ずぶ濡れになる，びしょ濡れになる,phrase
take the plunge,思い切ってやる,phrase
seldom if ever,めったに，しない,phrase
in the affirmative,肯定の，賛成の,phrase
be prone to,する傾向がある，しがちである,phrase
keep at,を根気よく続ける，継続する,phrase
flare up,急に燃え上がる，勃発する,phrase
as a last resort,最後の手段として，切羽詰まって,phrase
weed out,取り除く，引き抜く,phrase
live out,生き延びる,phrase
in radius,半径で,phrase
keep down,身を低くする，大きな声を出さずにいる,phrase
embroil in,に巻き込む,phrase
by dint of,によって，の力で,phrase
inquire after,の安否を尋ねる，を見舞う,phrase
be keen to,やる気がある，乗り気になっている,phrase
come away,から離れていく,phrase
out in the cold,冷たくされて，無視されて,phrase
with a vengeance,すさまじい勢いで，猛烈に,phrase
on the verge of,寸前で，今にも，しようとして,phrase
drum up,呼び集める，募集する,phrase
let on,漏らす，白状する,phrase
rumor has it that,噂によると，らしい，との噂である,phrase
pop up,飛び出す，出現する,phrase
work off,徐々に取れる，減らす,phrase
cast away,投げ捨てる，処分する,phrase
sew up,縫合する，うまくまとめる,phrase
run away,逃げ出す，逃げる,phrase
belong to,に所属している，属している,phrase
nothing but,ただ，だけ，ただ，のみ,phrase
stay away from,から離れている，を避ける,phrase
go away,立ち去る，消え失せる,phrase
wait a minute,少し待つ,phrase
open up,開店する，開封する,phrase
be absent from,を欠席する,phrase
at a rate of,の割合で,phrase
without question,質問の余地なく，聞くまでもなく,phrase
call up,電話をかける，招集する,phrase
to start with,を始めるにあたって,phrase
What a shame,なんて残念な，なんて恥ずかしい,phrase
in danger,危険な状態,phrase
get bored with,に飽きる,phrase
over and over,繰り返し、何度も何度も,phrase
be afraid of,を恐れる,phrase
face to face,面と向き合って，直面して,phrase
get at,に達する，意味をつかむ,phrase
help yourself,自由にする，自分でする,phrase
give birth to,を産む，出産する,phrase
in the process of,の途中に，の進行中に,phrase
take a break,休憩をとる,phrase
get involved in,に巻き込まれる,phrase
dress up,着飾る,phrase
lie down,横になる,phrase
the majority of,大多数の,phrase
fall in love,好きになる，恋に落ちる,phrase
a matter of,の問題である,phrase
subscribe to,を定期購読する,phrase
leave A behind,Aを置き去りにする,phrase
here and there,あちこちに，どこもかしこも,phrase
in trouble,困った状態にある,phrase
if you like,もしよければ,phrase
in those days,かつては、当時は,phrase
on the basis of,に基づいて,phrase
see one off,見送る,phrase
can't stand,耐えられない，我慢できない,phrase
day after day,毎日毎日、来る日も来る日も,phrase
it is pleasure to,を嬉しく思う，してうれしい,phrase
be the matter with,の問題である,phrase
call in,電話する，呼び入れる,phrase
lose one's way,道に迷う,phrase
move out,引っ越しをする,phrase
keep one's word,約束を守る,phrase
what becomes of,はどうなる，はどうなるのか,phrase
be concerned with,を心配する,phrase
arrange A for B,AをBのために調整する,phrase
be on the phone,電話に出ている,phrase
get around,うまく逃げる，迂回する,phrase
gain weight,体重が増える,phrase
count in,数に入れる，仲間に入れる,phrase
all the same,全く同じ，どれでも良い,phrase
keep one out of A,Aから遠ざける,phrase
finish up,仕上げる,phrase
inform one of A,Aに伝える，Aに知らせる,phrase
fall down,落ちる、崩れる,phrase
for some reason,何らかの理由で,phrase
give one a ride,車に乗せる,phrase
shut down,閉鎖する,phrase
pull out,引き抜く,phrase
pay attention,に注意を払う,phrase
forced to do,を強制する,phrase
may as well,するほうが良い,phrase
wear out,使い減らす,phrase
be curious about,に好奇心を持つ,phrase
keep away from B,Bから離す，Bから遠ざける,phrase
look back,過去を振り返る,phrase
do without,抜きで行う，抜きで実行する,phrase
if only,たとえだとしても，さえしていれば,phrase
clear up,解決する，きれいにする,phrase
be better off,する方が賢い，良い暮らしの,phrase
I hate to do,するのが嫌である,phrase
share with B,Bと共有する,phrase
under control,支配下にある,phrase
remind of,思い出させる,phrase
let A alone,Aを放置する,phrase
can afford to,するお金がある,phrase
on air,放送中,phrase
go along,同意する，事を進める,phrase
take A into account,Aを考慮する,phrase
in good health,健康な状態で,phrase
assure one that,であることを保証する,phrase
take apart,を離す,phrase
lacking in,不足している,phrase
derive A from B,BからAを得る、引き出す,phrase
by way of,経由で，を通って,phrase
adapt to,に慣れる,phrase
from one's viewpoint,の視点から,phrase
shop around,買物の下見をする，物色する,phrase
get down,降りる、伏せる,phrase
have to do with,の関係がある，を扱う,phrase
accuse of,を非難する,phrase
owe to,借りがある，負っている,phrase
keep A off B,AをBに近づけさせない,phrase
in my opinion,私の意見では,phrase
hand in hand,手を取って，協力して,phrase
absorbed in,にはまっている，に夢中で,phrase
as ever,相変わらず、いつもどおり,phrase
occur to,思い浮かぶ,phrase
in vain,いたずらに、無駄な,phrase
go far,遠くに行く、成功する,phrase
be stuck with,に手間取る,phrase
ask a favor of,お願いをする,phrase
get across,を渡る，を理解させる,phrase
take a risk,リスクを冒す,phrase
name after,から名づける，と命名する,phrase
on condition,の条件で,phrase
be ashamed,を恥じている,phrase
upon doing,する時に、するにあたり,phrase
qualify for,する資格がある,phrase
be occupied with,に占められている,phrase
be familiar to,に覚えのある，に馴染みのある,phrase
suited for,に適している,phrase
nothing more than,以上の何でもない,phrase
keep up,を維持する,phrase
be qualified for,の資格を有する,phrase
too much for,の手に負えない，には，すぎる,phrase
under the influence,の影響を受けて,phrase
take one by surprise,不意を突く,phrase
first thing,第一に，何はさておき,phrase
line of business,職業、業種,phrase
you may want to,した方がよい,phrase
much less,まして～ない,phrase
do A good,Aに良くする,phrase
in condition,の状態，の条件,phrase
slow down,速度を落とす,phrase
cut back,削減する,phrase
I bet,きっと，だ,phrase
reach out,手を差し出す,phrase
stay tuned,引き続き,phrase
close by,すぐ近くの,phrase
sign for,受け取る,phrase
a pile of,たくさんの,phrase
come to the conclusion,結論に達する,phrase
to the fullset,十分に,phrase
send for,呼び寄せる,phrase
same here,ここに同じ,phrase
long for,長い間待つ,phrase
know of,知っている,phrase
by half,半分ずつ,phrase
reflect on,を振り返る,phrase
provide for,備える，養う,phrase
be abreast,横に並んで，同じ方向を向いた,phrase
indifferent to,に無関心である，重要でなくて,phrase
I know what you mean,あなたの言いたいことはわかる,phrase
at disposal,自由になる、好きなように,phrase
all the more,ますます,phrase
answer for,責任を取る，引き受ける,phrase
give one advice,に助言する,phrase
pay a visit,訪問する,phrase
get right on,すぐに始める，すぐにやる,phrase
give A a try,Aを試してみる，Aにやらせてみる,phrase
on occasion,時々，折にふれて,phrase
by means of,によって，を用いて,phrase
stop over,立ち寄る，途中下車する,phrase
will do,用が足りる，間に合う,phrase
be confronted with,に直面する,phrase
scores of,多数の、数十の,phrase
make it a rule to,することにしている,phrase
pass down,受け継ぐ,phrase
all one have to do is,しなければならないことは,phrase
at the sight of,を見て，を見ると,phrase
for one's age,年齢の割には,phrase
look on,傍観する、見物する,phrase
go on a diet,ダイエットを始める,phrase
clear A of B,AからBを取り除く，AからBを片付ける,phrase
have difficulty in,が困難である,phrase
nothing is more than A,Aほど重要なものはない,phrase
relieve one of A,Aから解放する，Aから取り除く,phrase
put A to use,Aを有効活用する,phrase
economical with,を節制して，節約して,phrase
earn a living,生計を立てる,phrase
get the better of,を上回る，に勝つ,phrase
push for,強く押す，急き立てる,phrase
hint at,ほのめかす，示唆する,phrase
mix up,困惑する，混同する,phrase
became independent of,から独立する,phrase
in the habit of,を習慣にする,phrase
anything but,のほかは何も,phrase
think twice,2度考える，よく考える,phrase
in a rush,急いで,phrase
convince one of A,Aを理解させる,phrase
as best one can,出来る限り,phrase
suspect one of A,Aの疑いをかける,phrase
congratulate one on A,お祝いする,phrase
engaged in,に従事している,phrase
set about,を始める，に着手する,phrase
fit for,に適している,phrase
play a part,役割を果たす,phrase
make arrangements for,準備する，手はずを整える,phrase
on strike,ストをする,phrase
at the last minute,時間ぎりぎりで,phrase
step up,上る、歩み寄る,phrase
off the hook,留め具がはずれて,phrase
cut corners,手を抜く，省略する,phrase
mark down,値下げする,phrase
eager for,を熱望する,phrase
on hold,保留にして,phrase
in light of,に焦点を当てて,phrase
be dying to,したくてたまらない,phrase
so … as to,非常に・・・なので,phrase
move up,昇進する，上昇する,phrase
get ahead,先に行く、出世する,phrase
touch of,少量の，一抹の,phrase
beyond one's reach,手の届かない,phrase
be encourage to,を推奨されている，を進められている,phrase
out of stock,在庫切れで,phrase
with respect to,に関して，について,phrase
out of service,調整中，修理中,phrase
be loaded with,を搭載している，が積まれている,phrase
take care,気を付けて，注意する,phrase
turn off,を消す，を止める,phrase
on the top of,の上に，の頂点に,phrase
call back,電話をかけなおす,phrase
take out,持ち帰る、取り出す,phrase
go for,に挑戦する、に行く,phrase
for a long time,長い間，長時間,phrase
for example,例えば,phrase
required for,を要求される,phrase
"too,to",すぎて，できない
for sale,セール中,phrase
plan on ～ing,を予定する,phrase
"even,if",たとえ，でも、もし，だとしても
full of,で満たされている,phrase
leave a message,伝言を残す,phrase
at any time,いつでも,phrase
I wish I could,できたらよいと望む,phrase
I would appreciate,をありがたく思う,phrase
keep in touch,連絡を取る,phrase
make a decisiion,決心する,phrase
no later than,までに，遅くとも,phrase
move on,次へ進む,phrase
place an order,発注する,phrase
take this opportunity,チャンスを活かす,phrase
stay with,に滞在する，に身を寄せる,phrase
different from,と違う，とは違って,phrase
write down,メモ（ノート）に書き留める,phrase
turn on,電気をつける,phrase
take time,時間を取る,phrase
not really,そんなに，そうでもない,phrase
go down,下がる、下へ行く,phrase
search for,を探す,phrase
for rent,貸出の，貸借用の,phrase
in a minute,すぐに，少しの間に,phrase
add to,加える、増やす,phrase
no wonder,疑う余地もない，道理で,phrase
come over,やってくる，起こる,phrase
appeal to,訴える，働きかける,phrase
at the age of,歳の時に,phrase
fill up,満タンにする，満たす,phrase
be sorry for,申し訳なく思う,phrase
be made from,から出来ている,phrase
for free,ただで，無料で,phrase
right here,ちょうどここに,phrase
direct one to A,Aに案内する，Aへの道を教える,phrase
do well,元気に過ごす,phrase
bring in,持ってくる、取り入れる,phrase
be made up of,から出来ている,phrase
be grateful for A,Aに感謝している,phrase
on line,インターネットで，ネット上で,phrase
stay on,留まる，居続ける,phrase
equal to,に等しい，と同等,phrase
check with,に相談する，に確認する,phrase
charge A for B,AにBを請求する,phrase
as good as,も同然，と同じぐらい良い,phrase
other than,以外の,phrase
series of,一連の,phrase
in transit,移動中に,phrase
to be sure,念のために，確認のために,phrase
crowded with,で混雑している,phrase
consult with,と相談する,phrase
have no choice,する他ない，するしかない,phrase
shut off,止める，遮断する,phrase
compensate one for A,Aの賠償をする，Aに対する弁償をする,phrase
out of business,廃業した，倒産した,phrase
think of,を考える，を思い出す,phrase
fill in,（項目を）埋める，満たす,phrase
Why don`t you,したらどうですか?，しませんか？,phrase
get off,降りる，下車する,phrase
get in,乗り込む，到着する,phrase
look like,に似ている,phrase
all by oneself,たった一人で，単独で,phrase
get married,結婚をする,phrase
every time,毎回，いつも,phrase
come back,戻ってくる,phrase
filled with,を埋める，でいっぱいである,phrase
get on,に乗る,phrase
stand in line,列に並んだ,phrase
on business,仕事上、仕事の,phrase
go up,上に行く,phrase
have(take) a look,一目見る、見てみる,phrase
get used to,に慣れる,phrase
be wrong with,の調子が悪い,phrase
at all times,いつも、常に,phrase
fail to,を失敗する，をしくじる,phrase
get along with,うまくいく，仲良くやる,phrase
give up,あきらめる，断念する,phrase
compare to,と比べる，と比較する,phrase
in case of,もしも，の場合,phrase
from now on,これからは，今後は,phrase
eat out,外食する,phrase
it`s time,する時,phrase
What do you say,はどうでしょうか?,phrase
be tied up,忙しい,phrase
sure of,を確信している,phrase
transfer A to B,AをBに移す,phrase
take day off,休暇を取る,phrase
cover with,で覆われている,phrase
be good at,が上手である,phrase
attempt to,を試す,phrase
a good deal of,たくさんの、多くの,phrase
have a (good) time,良い時間を過ごす,phrase
do best,最善を尽くす,phrase
necessary for,が必要である,phrase
pay back,返金する，仕返しする,phrase
surprised at,に驚く,phrase
on the line,電話で,phrase
more and more,ますます多くの，ますます,phrase
line up,配置する，準備する,phrase
bring back,を返す，を持ち帰る,phrase
What do with A,Aをどうする？,phrase
come down,降りる、下がる,phrase
angry with,に怒る,phrase
say hello to,に挨拶する,phrase
behind schedule,予定に遅れている,phrase
for sure,確かに，確実に,phrase
advise to,勧める，忠告する,phrase
a large amout of,大量の，非常に多くの,phrase
at the top of,頂上で,phrase
such that,とてもなので,phrase
on one's own,一人の力で，単独で,phrase
take back,返す，取り戻す,phrase
get away,逃げる、うまくやり過ごす,phrase
wait on,待機する、少し待つ,phrase
go around,行き渡る，歩き回る,phrase
be famous for,で有名な,phrase
look around,見て回る，見回す,phrase
laugh at,笑う、笑い飛ばす,phrase
for a minute,少しの間,phrase
at one's convenience,都合のいい時で,phrase
Never mind,気にするな,phrase
side by side,横並びの,phrase
