a lot of,たくさんの,Phrase
at noon,正午に,Phrase
be interested in,に興味がある,Phrase
be(get) exited,興奮する,Phrase
between A and B,AとBの間,Phrase
by bus,バスで,Phrase
by car,車で,Phrase
check ～ out,を確認する,Phrase
check in,チェックインする,Phrase
check out,チェックアウトする,Phrase
come into,へ来る,Phrase
come to,へ来る,Phrase
elementary school,小学校,Phrase
entrance ceremony,入学式,Phrase
farewell party,送別会,Phrase
field trip,遠足,Phrase
for here,ここで(食べる),Phrase
get up,起きる,Phrase
go back to,に戻る,Phrase
go straight,まっすぐ行く,Phrase
go to,へ行く,Phrase
have a good day,良い一日を,Phrase
have a headache,頭痛がする,Phrase
help with,を助ける,Phrase
high school,高校,Phrase
How about,はどうですか？,Phrase
junior high school,中学校,Phrase
learn a lot from,からたくさん学ぶ,Phrase
learn about,について学ぶ,Phrase
listen to,聴く,Phrase
look at,見る,Phrase
member of,のメンバー,Phrase
on the way,道の途中で,Phrase
on weekends,週末に,Phrase
on your left,左側に,Phrase
on your right,右側に,Phrase
say again,もう一度言う,Phrase
school festival,文化祭,Phrase
sit down,座る,Phrase
stand up,立つ,Phrase
stay up,起きている,Phrase
take a rest,休憩する,Phrase
take back,持ち帰る,Phrase
take out,持ち帰り,Phrase
to go,持ち帰り,Phrase
wait for,を待つ,Phrase
walk to,へ歩いていく,Phrase
with a smile,笑顔で,Phrase
worry about,について心配する,Phrase
write down,書く,Phrase
a few,いくらかの,Phrase
and so on,などなど,Phrase
arrive at,に到着する,Phrase
ask 人 about,人に～について聞く,Phrase
ask 人 for,人に求める,Phrase
be born,生まれる,Phrase
be famous for,で有名である,Phrase
be scared of,が怖い,Phrase
call back,折り返し電話する,Phrase
decide to,に決める,Phrase
even so,それでも,Phrase
every minutes,毎分ごとに,Phrase
for example,例えば,Phrase
foreign language,外国語,Phrase
from ～ to ～,～から～まで,Phrase
from now on,これから,Phrase
from the experience,経験から,Phrase
get along with,うまくやる,Phrase
get tired,疲れる,Phrase
go abroad,外国に行く,Phrase
have a sale,セールする,Phrase
in the future,将来に,Phrase
keep in touch,連絡を取り合う,Phrase
kind to,に対して親切な,Phrase
knock at,をノックする,Phrase
leave for,へ出かける,Phrase
Let us(Let's),～しましょう,Phrase
live abroad,海外で生活する,Phrase
look after,の面倒を見る,Phrase
make own bed,ベッドを整える,Phrase
most of,のほとんど,Phrase
on stage,ステージで,Phrase
on the wall,壁に,Phrase
one day,ある日,Phrase
over there,あそこに,Phrase
search for,を探索する,Phrase
show 人 around,人に見せて回る,Phrase
someone in need,助けが必要な人,Phrase
stand by,そばに立つ,Phrase
stationary shop,文房具店,Phrase
take care of,の面倒を見る,Phrase
take it back,取り戻す,Phrase
talk about,について話す,Phrase
talk to,に話しかける,Phrase
think of,思い付く,Phrase
too ～ for,～すぎる,Phrase
try hard,一生懸命に,Phrase
try on,試着する,Phrase
try to,しようとする,Phrase
work for,のために働く,Phrase
as a whole,全体で,Phrase
a second,少しの間,Phrase
according to,によれば,Phrase
after a while,しばらくして,Phrase
agree to,を承諾する,Phrase
agree with,に賛成である,Phrase
all day long,一日中,Phrase
all over,の至る所に,Phrase
an average of,の平均,Phrase
as a result of,の結果,Phrase
as soon as possible,できるだけ早く,Phrase
as usual,いつものように,Phrase
as well,同様に,Phrase
at first,最初は,Phrase
at last,ついに,Phrase
at least,少なくとも,Phrase
at most,多くとも,Phrase
at that time,あの時は,Phrase
be about to,する直前である,Phrase
be afraid of,を恐れる,Phrase
be aware of,に気づいている,Phrase
be concerned with,とかかわりがある,Phrase
be different from,とは異なる,Phrase
be familiar with,に馴染みがある,Phrase
be full of,でいっぱいである,Phrase
be in need of,を必要とする,Phrase
be in trouble,困っている,Phrase
be known as,として知られている,Phrase
be likely to,する可能性が高い,Phrase
be made of,で出来ている,Phrase
be responsible for,に対して責任がある,Phrase
be satisfied with,に満足している,Phrase
be sick/tired of,にうんざりしてる,Phrase
believe in,を信じる,Phrase
believe it or not,信じられないだろうけど,Phrase
belong to,に属している,Phrase
both of,二人（二つ）とも,Phrase
by the way,ところで,Phrase
care for,の面倒を見る,Phrase
change trains,電車を乗り換える,Phrase
count on,を当てにする,Phrase
day after day,毎日,Phrase
"day in, day out",来る日も来る日も,Phrase
depend on,に依存する,Phrase
do a favor,に頼み事を聞く,Phrase
drop by,に立ち寄る,Phrase
enough to,するのに十分,Phrase
example of,の例,Phrase
fall asleep,眠る,Phrase
fall in love with,に恋をする,Phrase
feel free to,気軽にする,Phrase
fill in,に必要事項を記入する,Phrase
for a while,しばらくの間,Phrase
for free,無料で,Phrase
for instance,例えば,Phrase
for the better,より良くなるために,Phrase
from A to B,AからBまで,Phrase
from now,これからは,Phrase
get attention,注意を引く,Phrase
get lost,道に迷う,Phrase
get off,降りる,Phrase
get on,乗り込む,Phrase
get out of,の外に出る,Phrase
get rid of,を取り除く,Phrase
give a ride,を車に乗せる,Phrase
give up,をあきらめる,Phrase
go ahead,先に行く,Phrase
go on a trip,旅行に行く,Phrase
hear from,から連絡をもらう,Phrase
in a hurry,急いで,Phrase
in addition to,に付け加えて,Phrase
in advance,前もって,Phrase
in case ～,～した場合には,Phrase
in conclusion,結論として,Phrase
in detail,詳細に,Phrase
in fact,実際には,Phrase
in front of,の前に,Phrase
instead of,の代わりに,Phrase
just in case,もしもの場合に備えて,Phrase
less than,未満,Phrase
lots of,たくさんの,Phrase
next to,の隣に,Phrase
not  at all,全くない,Phrase
on foot,歩いて,Phrase
on the other hand,一方で,Phrase
out of order,故障して,Phrase
prefer A to B,BよりAを好む,Phrase
rather than,ではなく,Phrase
run away,逃げ去る,Phrase
so that ～,するために,Phrase
stop at,に停まる,Phrase
such as,のような,Phrase
too ～ to ～,～するには～すぎる,Phrase
turn  off,を消す,Phrase
turn  on,を点ける,Phrase
up to,まで,Phrase
Why don't you ～?,～してはどうですか？,Phrase
as a result,結果として，その結果(接続詞),(接続詞)
look up,を調べる(熟語),(熟語)
available,利用できる，使用可能な(形容詞),(形容詞)
in the past,過去に(熟語),(熟語)
nowadays,最近，近頃(副詞),(副詞)
information,情報(名詞),(名詞)
gain,得る，獲得する(動詞),(動詞)
traditional,伝統的な，慣習的な(形容詞),(形容詞)
quality,質，特性(名詞),(名詞)
improve,を改善する，改良する(動詞),(動詞)
however,しかしながら，どんなに～でも(副詞),(副詞)
collect,集める，収集する(動詞),(動詞)
extra,余分の，特別の(形容詞),(形容詞)
clothing,衣料品，服(名詞),(名詞)
comfortable,心地の良い，快適な(形容詞),(形容詞)
disappoint,がっかりさせる，失望させる(動詞),(動詞)
instead,代わりに，その代わり(副詞),(副詞)
originally,はじめは，元々は(副詞),(副詞)
take part in,に参加する，参与する(熟語),(熟語)
dress up,着飾る(熟語),(熟語)
certainly,確かに，間違いなく(副詞),(副詞)
find out,見つけ出す(熟語),(熟語)
come up with,を思いつく，を考え出す(熟語),(熟語)
company,会社(名詞),(名詞)
details,詳細，詳しく説明する(名詞),(名詞)
melt,溶ける，を溶かす(動詞),(動詞)
direction,方向，方角(名詞),(名詞)
injury,怪我，負傷(名詞),(名詞)
silence,沈黙(名詞),(名詞)
tight,狭い，締まった(形容詞),(形容詞)
protect,を守る，保護する(動詞),(動詞)
sharp,鋭い，先鋭的な(形容詞),(形容詞)
behind,背後に，後方に(副詞),(副詞)
bother,面倒，迷惑をかける(動詞),(動詞)
emergency,緊急，急ぎ(名詞),(名詞)
waste,を浪費する/浪費，廃棄物(名詞),(名詞)
amount,量，額(名詞),(名詞)
advantage,有利，利点(名詞),(名詞)
object,物体，実体(名詞),(名詞)
add,足し算する，合計する(動詞),(動詞)
surface,表面，水面(名詞),(名詞)
destroy,を破壊する，を壊す(動詞),(動詞)
knowledge,知識，学識(名詞),(名詞)
continue,をし続ける，続ける(動詞),(動詞)
immediately,即座に，直ちに(副詞),(副詞)
correct,正確な/を訂正する(形容詞),(形容詞)
government,政府，行政府，内閣(名詞),(名詞)
raise,を上げる，持ち上げる(動詞),(動詞)
hurt,を傷つける(動詞),(動詞)
experiment,実験，試み(名詞),(名詞)
fail,失敗する，うまくいかない(動詞),(動詞)
material,材料，原料(名詞),(名詞)
recently,最近，このごろ(副詞),(副詞)
spread,を広げる，広がる(動詞),(動詞)
traffic,交通，運輸(名詞),(名詞)
modern,現代的な，現代の(形容詞),(形容詞)
reduce,を減らす，縮小する(動詞),(動詞)
distance,距離，間隔(名詞),(名詞)
opportunity,機会，好機(名詞),(名詞)
activity,活動(名詞),(名詞)
abroad,外国で，外国へ(副詞),(副詞)
prefer,より好む，好む(動詞),(動詞)
mention,言及する，参照する(動詞),(動詞)
although,だけれども，しかし(接続詞),(接続詞)
climate,気候，天候(名詞),(名詞)
condition,状態，条件，情勢(名詞),(名詞)
impression,印象，感じ(名詞),(名詞)
item,項目，要点(名詞),(名詞)
profit,利益，もうけ(名詞),(名詞)
survey,調査/を見渡す(名詞),(名詞)
sink,沈む，沈没する(動詞),(動詞)
illness,病気，疾患(名詞),(名詞)
flavor,風味，味(名詞),(名詞)
expert,専門家(名詞),(名詞)
borrow,を借りる，を借用する(動詞),(動詞)
notice,気づく/通知(動詞),(動詞)
quit,やめる，中止する(動詞),(動詞)
silly,馬鹿な，愚かな(形容詞),(形容詞)
wealthy,裕福な，豊かな(形容詞),(形容詞)
behave,振る舞う，立ち振舞う(動詞),(動詞)
decrease,減少する，を減らす/減少(動詞),(動詞)
divide,を分割する，分ける(動詞),(動詞)
ignore,を無視する，見逃す(動詞),(動詞)
judge,を判断する/裁判官(動詞),(動詞)
organize,を組織する，を編成する(動詞),(動詞)
overcome,を克服する，乗り越える(動詞),(動詞)
narrow,幅が狭い，細い(形容詞),(形容詞)
attract,引きつける，魅了する(動詞),(動詞)
breathe,呼吸をする(動詞),(動詞)
confuse,を混乱させる，区別がつかない(動詞),(動詞)
reserve,を取っておく，を保管する(動詞),(動詞)
asleep,眠っている，寝ている(形容詞),(形容詞)
nervous,神経質な，びくびくして(形容詞),(形容詞)
discuss,について議論する，検討する(動詞),(動詞)
rarely,めったに～ない，稀に(副詞),(副詞)
thanks to,のおかげで，感謝して(熟語),(熟語)
anyway,ともかく(副詞),(副詞)
by the time,するまでには(接続詞),(接続詞)
in particular,特に，とりわけ(熟語),(熟語)
take over,を引き継ぐ,"継承<span class=""mode29Remark"">(熟語)</span>"
in addition,追加として，さらに(熟語),(熟語)
be filled with,で満たされている，充実している(熟語),(熟語)
even though,～だけれども，～であるのに(接続詞),(接続詞)
refrigerator,冷蔵庫(名詞),(名詞)
do me a favor,お願いをする(熟語),(熟語)
get back,取り戻す(熟語),(熟語)
in spite of,にも関わらず，けれども(熟語),(熟語)
keep in mind,を心に留めておく(熟語),(熟語)
on the way to,道の途中で(熟語),(熟語)
put down,置く(熟語),(熟語)
rely on,に頼る，を当てにする(熟語),(熟語)
run out of,を使い果たす，使い尽くす(熟語),(熟語)
so far,これまでは(熟語),(熟語)
appeal to,に訴える(熟語),(熟語)
be good at,～が上手である(熟語),(熟語)
call off,を中止する(熟語),(熟語)
in case,万一に備えて，予防するために(接続詞),(接続詞)
on average,平均して，平均値で(熟語),(熟語)
on purpose,故意に，わざと(熟語),(熟語)
stay away from,離れている，距離がある(熟語),(熟語)
suffer from,で苦しむ，悩まされる(熟語),(熟語)
apologize,謝る，謝罪する(動詞),(動詞)
succeed in,に成功する(熟語),(熟語)
after all,結局，最終的に(熟語),(熟語)
be popular with,に人気がある(熟語),(熟語)
be sick of,にうんざりしている(熟語),(熟語)
be unlikely to,起こりそうにない(熟語),(熟語)
catch up with,に追いつく，付いていく(熟語),(熟語)
differ from,とは違って，との違い(熟語),(熟語)
participate in,に参加する，に加わる(熟語),(熟語)
sooner or later,遅かれ早かれ(熟語),(熟語)
similar to,に似ている，類似している(熟語),(熟語)
show off,見せびらかす(熟語),(熟語)
turn down,断る(熟語),(熟語)
fill out,書き込む，記入する(熟語),(熟語)
mostly,主に，ほとんど(副詞),(副詞)
dig,を掘る，採掘する(動詞),(動詞)
muscle,筋肉，筋力(名詞),(名詞)
bite,を噛む，かじる(動詞),(動詞)
treat,を扱う，待遇する(動詞),(動詞)
rather,むしろ，どちらかといえば(副詞),(副詞)
apparently,見たらわかる、一見すると(副詞),(副詞)
spend,を費やす，使う(動詞),(動詞)
discover,を発見する，見つける(動詞),(動詞)
discovery,発見，見つけること(名詞),(名詞)
arrival,到着，到達(名詞),(名詞)
degree,程度，度(名詞),(名詞)
achieve,を達成する，到達する(動詞),(動詞)
attitude,態度，姿勢(名詞),(名詞)
explain,を説明する，を解説する(動詞),(動詞)
establish,を設立する，創設する(動詞),(動詞)
tax,税金，税収(名詞),(名詞)
belief,信念，信条(名詞),(名詞)
demonstrate,実証する，証明する(動詞),(動詞)
ancient,古代の，大昔の(形容詞),(形容詞)
formal,正式な，公式の(形容詞),(形容詞)
allow,を許可する，許す(動詞),(動詞)
article,記事，論文(名詞),(名詞)
contain,を含む，が入っている(動詞),(動詞)
temperature,温度，気温(名詞),(名詞)
common,共通の，共同の(形容詞),(形容詞)
mean,を意味する，を示す(動詞),(動詞)
hardly,ほとんどない，少ない(副詞),(副詞)
unable,できない，不能である(形容詞),(形容詞)
argument,議論，口論(名詞),(名詞)
ancestor,祖先，先祖(名詞),(名詞)
capital,資本，首都(名詞),(名詞)
disaster,災害，災難(名詞),(名詞)
height,高さ，高度(名詞),(名詞)
ideal,理想，目指すべき状態(名詞),(名詞)
popularity,人気，流行(名詞),(名詞)
blow,吹く，吹き飛ばす(動詞),(動詞)
decision,決定，結論(名詞),(名詞)
agent,代理人，代表者(名詞),(名詞)
praise,をほめる/賞賛(動詞),(動詞)
punish,を罰する，懲らしめる(動詞),(動詞)
chemical,化学物質/化学の(名詞),(名詞)
negative,否定の，拒否(形容詞),(形容詞)
consist,成り立つ，構成する(動詞),(動詞)
criticize,を批評する，を評価する(動詞),(動詞)
import,輸入する，直輸入する(動詞),(動詞)
promote,を促進する，を推進する(動詞),(動詞)
recover,回復する，元に戻る(動詞),(動詞)
release,解き放つ，解放する(動詞),(動詞)
translate,を翻訳する，通訳する(動詞),(動詞)
warn,警告する，警戒する(動詞),(動詞)
childhood,子供時代，幼少期(名詞),(名詞)
thought,考えること，意見(名詞),(名詞)
accomplish,を成し遂げる，完成する(動詞),(動詞)
combine,を結合させる，合同する(動詞),(動詞)
complain,不満を言う，不平を言う(動詞),(動詞)
favorite,特に好きな，お気に入りの(形容詞),(形容詞)
responsible,責任がある，責任が伴う(形容詞),(形容詞)
tiny,ごく小さい，微小な(形容詞),(形容詞)
look down on,を下に見る(熟語),(熟語)
plenty of,たくさんの(熟語),(熟語)
stomach,腹(名詞),(名詞)
vision,未来像(名詞),(名詞)
expansion,拡張，拡大，増幅(名詞),(名詞)
occur,発生する，起こる(動詞),(動詞)
indeed,実に，全く(副詞),(副詞)
solution,解決法，解明(名詞),(名詞)
ease,容易さ，気楽さ(名詞),(名詞)
elect,を選出する(動詞),(動詞)
unit,単位，員数(名詞),(名詞)
lie,うそ(名詞),(名詞)
educational,教育の，教授の(形容詞),(形容詞)
manner,やり方，方法(名詞),(名詞)
suffering,苦しみ，悩み(名詞),(名詞)
crucial,重要な，決定的な(形容詞),(形容詞)
tear,を引き裂く，を裂く(動詞),(動詞)
govern,統治する，支配する(動詞),(動詞)
enforcement,執行，実施(名詞),(名詞)
brain,頭脳，脳(名詞),(名詞)
talented,才能のある(形容詞),(形容詞)
research,研究/研究する(名詞),(名詞)
firm,しっかりした，堅い(形容詞),(形容詞)
community,共同社会，共同体(名詞),(名詞)
force,力，勢い(名詞),(名詞)
past,過去の，終わった(形容詞),(形容詞)
right,正しい，正確な(形容詞),(形容詞)
impressive,印象的な，鮮烈な(形容詞),(形容詞)
salary,給与，報酬(名詞),(名詞)
deal,を扱う，分配する(動詞),(動詞)
prompt,即座の，直ちに(形容詞),(形容詞)
let A do,Aにさせる(熟語),(熟語)
vote,投票する/投票権(動詞),(動詞)
president,社長，大統領(名詞),(名詞)
range,範囲，幅(名詞),(名詞)
vital,極めて重要な，生命の(形容詞),(形容詞)
estate,財産，資産(名詞),(名詞)
responsibility,責任，義務(名詞),(名詞)
unknown,未知の，未明らかな(形容詞),(形容詞)
grant,給付金(名詞),(名詞)
perceive,知覚する，感じる(動詞),(動詞)
especially,特に，格段に(副詞),(副詞)
client,顧客(名詞),(名詞)
mysterious,不可解な，不思議な(形容詞),(形容詞)
steel,鋼鉄，鉄(名詞),(名詞)
concept,概念，観念(名詞),(名詞)
nevertheless,にも関わらず，けれども(副詞),(副詞)
attribute,に帰する(動詞),(動詞)
prevent,を妨げる，予防する(動詞),(動詞)
manufacturer,製造元，製造業者(名詞),(名詞)
effect,効果，影響，結果(名詞),(名詞)
million,100万(名詞),(名詞)
encounter,遭遇する，出会う(動詞),(動詞)
accuse,告発する，告発(動詞),(動詞)
briefly,簡単に，手短に(副詞),(副詞)
so-called,いわゆる，通称(形容詞),(形容詞)
global,地球の，世界の(形容詞),(形容詞)
lack,不足，欠乏(名詞),(名詞)
essay,論文，随筆(名詞),(名詞)
approach,に近づく，接近する(動詞),(動詞)
bear,我慢する，を圧迫する(動詞),(動詞)
natural,当然の，自然の(形容詞),(形容詞)
administration,機関，運営(名詞),(名詞)
audience,聴衆，観客(名詞),(名詞)
production,生産，製造(名詞),(名詞)
qualify,に資格を与える，認可する(動詞),(動詞)
intention,意図，目的(名詞),(名詞)
previously,以前は，前もって(副詞),(副詞)
language,言語，言葉(名詞),(名詞)
fee,料金，手数料(名詞),(名詞)
nor,もない(接続詞),(接続詞)
negotiation,交渉，話し合い(名詞),(名詞)
automobile,自動車，乗用車(名詞),(名詞)
dust,ほこり，塵(名詞),(名詞)
extremely,極端に，過度に(副詞),(副詞)
echo,こだま，反響(名詞),(名詞)
detailed,詳細の，具体的な(形容詞),(形容詞)
maximum,最大，最大の(形容詞),(形容詞)
pan,フライパン(名詞),(名詞)
improvement,改善，改良(名詞),(名詞)
genius,天才，才人(名詞),(名詞)
credit,信用，信頼(名詞),(名詞)
debt,借金，負債(名詞),(名詞)
resource,資源，資産(名詞),(名詞)
therapy,治療，療法(名詞),(名詞)
glance,一目見る/一目(名詞),(名詞)
storage,保管場所，倉庫(名詞),(名詞)
academic,学術の，大学の(形容詞),(形容詞)
permit,を許可する，を認める(動詞),(動詞)
concern,心配する，に関係する(動詞),(動詞)
strain,張る，伸ばす(動詞),(動詞)
role,役割，職務(名詞),(名詞)
nowhere,どこにも，どこにでも(副詞),(副詞)
recent,最近の，新しい(形容詞),(形容詞)
mate,友達，仲間(名詞),(名詞)
distinguish,を区別する，識別する(動詞),(動詞)
sophisticated,洗練された，高雅な(形容詞),(形容詞)
upset,気持ちが動揺した，ひっくり返す(形容詞),(形容詞)
disturb,を阻害する，(人の)邪魔をする(動詞),(動詞)
invest,に投資する，資本をつぎ込む(動詞),(動詞)
intense,激しい，熱心な(形容詞),(形容詞)
retire,退職する，引退する(動詞),(動詞)
wildlife,野生動物，野生生物(名詞),(名詞)
polite,礼儀正しい，丁寧な(形容詞),(形容詞)
entertain,を楽しませる(動詞),(動詞)
competition,競争(名詞),(名詞)
inquiry,問い合わせ，質問(名詞),(名詞)
period,期間，周期(名詞),(名詞)
bind,縛りつける，束ねる(動詞),(動詞)
certain,ある，確信している(形容詞),(形容詞)
passenger,乗客，客(名詞),(名詞)
behavior,振る舞い，態度(名詞),(名詞)
meanwhile,一方で，他方で(副詞),(副詞)
earn,稼ぐ，得る(動詞),(動詞)
enter,入る，入場する(動詞),(動詞)
complex,複雑な，複合の(形容詞),(形容詞)
moreover,さらに，その上(副詞),(副詞)
structure,構造，建造物(名詞),(名詞)
annoy,いらだたせる，怒らせる(動詞),(動詞)
influence,影響，影響力，波及/影響を及ぼす(名詞),(名詞)
rapidly,素早く，迅速に(副詞),(副詞)
detail,詳細，具体的な情報(名詞),(名詞)
culture,文化，教養(名詞),(名詞)
prior,優先の，前の(形容詞),(形容詞)
fire,首にする，火をつける/火，火事(動詞),(動詞)
assessment,評価，査定(名詞),(名詞)
engaged,に従事して，忙しくして(形容詞),(形容詞)
regret,後悔する/後悔，遺憾(動詞),(動詞)
excuse,言い訳，弁解/を許す(名詞),(名詞)
court,裁判所，法廷(名詞),(名詞)
solve,を解決する，解消する(動詞),(動詞)
threaten,を脅かす(動詞),(動詞)
enable,に可能にさせる(動詞),(動詞)
unfortunately,残念なことに，不幸にも(副詞),(副詞)
representation,表現，表示(名詞),(名詞)
procedure,手続き，手順(名詞),(名詞)
expectation,期待，予想(名詞),(名詞)
asset,資産，財産(名詞),(名詞)
dump,投げ捨てる，捨てる(動詞),(動詞)
citizen,市民，国民(名詞),(名詞)
occupation,職業，仕事(名詞),(名詞)
restore,を元に戻す，を修復する(動詞),(動詞)
significance,重要性，意義(名詞),(名詞)
flow,流れる，流す(動詞),(動詞)
failure,失敗，挫折(名詞),(名詞)
earnings,収益，稼ぎ(名詞),(名詞)
disease,病気，疾患(名詞),(名詞)
peer,同僚，仲間(名詞),(名詞)
strategy,戦略，戦術(名詞),(名詞)
remarkable,目立った，際立った(形容詞),(形容詞)
heel,かかと，きびす(名詞),(名詞)
definitely,絶対に，確実に(副詞),(副詞)
ordinary,ふつうの，いつもの(形容詞),(形容詞)
isolate,を孤立させる，隔離する(動詞),(動詞)
competitive,競争力のある，競争による(形容詞),(形容詞)
progress,進歩，前進(名詞),(名詞)
typical,典型的な，代表的な(形容詞),(形容詞)
compete,競争する，争う(動詞),(動詞)
assault,暴行，攻撃(名詞),(名詞)
conviction,信念，確信(名詞),(名詞)
terrible,ひどい，恐ろしい(形容詞),(形容詞)
bill,請求書，勘定書(名詞),(名詞)
pain,痛み，苦痛(名詞),(名詞)
emphasize,を強調する，力説する(動詞),(動詞)
weather,天候，天気(名詞),(名詞)
immigrant,移民，移住者(名詞),(名詞)
interpret,を解釈する，受け取る(動詞),(動詞)
thick,厚い，肥厚な(形容詞),(形容詞)
merchant,商人，販売者(名詞),(名詞)
physics,物理学，物理科学(名詞),(名詞)
trigger,引き金，誘因(名詞),(名詞)
status,状態，身分(名詞),(名詞)
worth,の価値がある，（～するに）値する(形容詞),(形容詞)
relation,関係性，相互作用(名詞),(名詞)
later,後に，以後(副詞),(副詞)
political,政治の(形容詞),(形容詞)
truth,真実，事実(名詞),(名詞)
partly,部分的に，一部分(副詞),(副詞)
observe,を観察する，を監視する(動詞),(動詞)
stream,流れ，水流(名詞),(名詞)
oppose,反対する，抵抗する(動詞),(動詞)
quite,かなり，相当に(副詞),(副詞)
conscious,意識して，気をつけて(形容詞),(形容詞)
intend,意図する，意図して(動詞),(動詞)
operation,操作，作用(名詞),(名詞)
recommend,を推薦する，を勧める(動詞),(動詞)
feature,特徴，特性/を目玉とする(名詞),(名詞)
consideration,考慮，考察(名詞),(名詞)
diet,食事，食事療法(名詞),(名詞)
horror,恐怖，怖さ(名詞),(名詞)
population,人口，国民(名詞),(名詞)
necessarily,必然的に，必ず(副詞),(副詞)
agree,同意する，承認する(動詞),(動詞)
whether,どちらか，いずれか(接続詞),(接続詞)
analysis,分析，解析(名詞),(名詞)
conflict,対立，争い(名詞),(名詞)
extreme,極端な，過激な(形容詞),(形容詞)
wherever,どこでも，どの場所でも(接続詞),(接続詞)
source,情報源，原因(名詞),(名詞)
objective,目標，目的(名詞),(名詞)
rural,田舎の，農村の(形容詞),(形容詞)
headline,見出し，表題(名詞),(名詞)
analyst,分析者(名詞),(名詞)
sign,標識，印，合図(名詞),(名詞)
clue,手がかり，糸口(名詞),(名詞)
controversial,議論の的になる，論争上の(形容詞),(形容詞)
realize,だとわかる，実現する(動詞),(動詞)
surround,を取り囲む，を包囲する(動詞),(動詞)
commission,手数料，委任状(名詞),(名詞)
seek,求める，捜し出す(動詞),(動詞)
independent,独立した，自立した(形容詞),(形容詞)
proposed,提案した，提供した(形容詞),(形容詞)
international,国際的な，国際レベルの(形容詞),(形容詞)
several,幾つかの，いくらかの(形容詞),(形容詞)
theory,理論，学説(名詞),(名詞)
fellow,仲間，友人(名詞),(名詞)
elderly,年配の，高齢の(形容詞),(形容詞)
extension,拡張，展開(名詞),(名詞)
proper,適切な，ふさわしい(形容詞),(形容詞)
enhance,強調する，(さらに)高める(動詞),(動詞)
beyond,～を越えたところに，～を超えた場所に(前置詞),(前置詞)
due,期限の，納期の(形容詞),(形容詞)
existing,既存の，現存の(形容詞),(形容詞)
expand,拡大する，広がる(動詞),(動詞)
wrong,間違い，誤った(形容詞),(形容詞)
rebel,反逆者，造反者(名詞),(名詞)
suffer,を患う，苦しむ(動詞),(動詞)
within,以内で，内部で(前置詞),(前置詞)
taste,味，風味/な味がする(名詞),(名詞)
democrat,民主主義者，民主派(名詞),(名詞)
personally,個人的に，本人自ら(副詞),(副詞)
throughout,至るところに，終始(前置詞),(前置詞)
preserve,保存/を保存する(動詞),(動詞)
intelligent,かしこい，知能の高い(形容詞),(形容詞)
slide,滑る，滑走する(動詞),(動詞)
popular,人気のある，評判の良い(形容詞),(形容詞)
murder,殺人，凶行(名詞),(名詞)
attend,出席する，付き添う(動詞),(動詞)
constantly,常に，いつも(副詞),(副詞)
drift,漂流，流れる(名詞),(名詞)
result,結果(名詞),(名詞)
priority,優先度，優越性(名詞),(名詞)
joint,継目，関節(名詞),(名詞)
viewer,観察者，視聴者，監視人(名詞),(名詞)
satellite,衛星，人工衛星(名詞),(名詞)
distant,遠く離れた,"遠隔の<span class=""mode29Remark"">(形容詞)</span>"
delivery,配達，送付(名詞),(名詞)
anxious,心配した，不安な(形容詞),(形容詞)
towards,の方へ，向かって(前置詞),(前置詞)
employee,従業員，社員(名詞),(名詞)
significant,重要な，大切な(形容詞),(形容詞)
particular,特定の，明確な(形容詞),(形容詞)
float,浮かぶ(熟語),(熟語)
criticism,批判，評価(名詞),(名詞)
appear,現れる，出現する(動詞),(動詞)
permission,許可，認可(名詞),(名詞)
virus,ウイルス，病原体(名詞),(名詞)
deny,を否定する，拒否する(動詞),(動詞)
valuable,貴重な，価値のある(形容詞),(形容詞)
comprehensive,包括的な，理解力のある(形容詞),(形容詞)
till,まで，至る(接続詞),(接続詞)
properly,適切に，適当に(副詞),(副詞)
vulnerable,傷つきやすい，繊細(形容詞),(形容詞)
directly,直接，直接的に(副詞),(副詞)
occupy,占める，取る(動詞),(動詞)
curious,好奇心が強い，探究心が強い(形容詞),(形容詞)
vary,多様化する，異なる(動詞),(動詞)
stare,じっと見つめる，しきりに観察する(動詞),(動詞)
decade,10年間(名詞),(名詞)
armed,武装した，装備した(形容詞),(形容詞)
seem,の様に見える，思われる(動詞),(動詞)
fate,運命，宿命(名詞),(名詞)
convince,を納得させる，説得する(動詞),(動詞)
criminal,犯罪の，違法の(名詞),(名詞)
stable,安定した，安泰な(形容詞),(形容詞)
naked,裸の，無防備な(形容詞),(形容詞)
Jewish,ユダヤ人，ユダヤ教徒(形容詞),(形容詞)
senate,上院，上院議会(名詞),(名詞)
hide,隠す，隠れる(動詞),(動詞)
recovery,回復，復元(名詞),(名詞)
bond,拘束，束縛(名詞),(名詞)
portrait,肖像画，顔の絵(名詞),(名詞)
intervention,介在，仲裁(名詞),(名詞)
consistent,一貫した，矛盾のない(形容詞),(形容詞)
investigator,捜査官，探偵(名詞),(名詞)
normally,通常は，普通に(副詞),(副詞)
conclude,を締めくくる，終える(動詞),(動詞)
well-known,よく知られた，有名な(形容詞),(形容詞)
development,発展，発達，開発(名詞),(名詞)
desire,願望/切望する(名詞),(名詞)
probably,おそらく，大抵(副詞),(副詞)
respond,反応する，と返答する(動詞),(動詞)
involvement,関与，関わり合い(名詞),(名詞)
minister,大臣，牧師(名詞),(名詞)
patch,当て布，布切れ(名詞),(名詞)
chairman,会長(名詞),(名詞)
ethnic,民族の，民族特有の(形容詞),(形容詞)
lap,ひざ，膝小僧(名詞),(名詞)
refer,を参考にする，参照する(動詞),(動詞)
repair,を修理する，修繕する(動詞),(動詞)
current,現在の，現行の(形容詞),(形容詞)
obviously,明らかに，明白に(副詞),(副詞)
ceiling,天井，屋根(名詞),(名詞)
philosopher,哲学者(名詞),(名詞)
suicide,自殺，自害(名詞),(名詞)
social,社会の，共同体の(形容詞),(形容詞)
potential,潜在的な，潜伏している(形容詞),(形容詞)
sum,合計，総計(名詞),(名詞)
draw,描く，引っ張る(動詞),(動詞)
rough,ごつごつした，粗い(形容詞),(形容詞)
fundamental,基本的な，基礎の(形容詞),(形容詞)
association,協会，連合(名詞),(名詞)
yield,産出する，生ずる(動詞),(動詞)
politician,政治家，政府要人(名詞),(名詞)
department,部門，課(名詞),(名詞)
palm,手のひら，（動物の）前足の裏(名詞),(名詞)
phenomenon,現象，事象(名詞),(名詞)
admit,を認める，入ることを許す(動詞),(動詞)
critical,極めて重要な，非常に大事な(形容詞),(形容詞)
throat,のど，咽喉(名詞),(名詞)
adapt,に適合させる，調整する(動詞),(動詞)
largely,主として，主に(副詞),(副詞)
belong,に属する，所属する(動詞),(動詞)
attempt,試み，試練(名詞),(名詞)
impress,感銘を与える，感動させる(動詞),(動詞)
submit,を提出する，に服従する(動詞),(動詞)
bored,退屈した，つまらない(形容詞),(形容詞)
electric,電気の，電力の(形容詞),(形容詞)
civilized,発達した文明をもつ，教養の高い(形容詞),(形容詞)
combat,戦闘，闘争(名詞),(名詞)
destruction,破壊，壊滅(名詞),(名詞)
ally,と同盟する，連合する(動詞),(動詞)
similarly,同様に，一様に(副詞),(副詞)
complete,完全な，全部の(形容詞),(形容詞)
complicated,複雑な，繁雑な(形容詞),(形容詞)
mad,狂った，狂気じみた(形容詞),(形容詞)
hate,ひどく嫌う，深く憎む(動詞),(動詞)
urban,都会の，市内の(形容詞),(形容詞)
reputation,評判，評価(名詞),(名詞)
phase,段階，レベル(名詞),(名詞)
philosophy,哲学(名詞),(名詞)
shooting,撮影，射撃(名詞),(名詞)
include,を含む，内包する(動詞),(動詞)
medium,中間の，中央の(形容詞),(形容詞)
contemporary,現在の，現代の(形容詞),(形容詞)
jury,陪審員，審査員(名詞),(名詞)
huge,巨大な，広大な(形容詞),(形容詞)
awful,ひどい，恐ろしい(形容詞),(形容詞)
examine,を検査する，調査する(動詞),(動詞)
element,要素，元素(名詞),(名詞)
mainly,主に，もっぱら(副詞),(副詞)
success,成功，達成(名詞),(名詞)
exist,存在する，実在する(動詞),(動詞)
gentle,穏やかな，物柔らかな(形容詞),(形容詞)
occasion,特定の時，行事，祭典(名詞),(名詞)
accompany,に付き添う，に同行する(動詞),(動詞)
virtually,実質的に，事実上(副詞),(副詞)
withdraw,を撤回する，引き下がる/引き出す(動詞),(動詞)
leisure,余暇，自由時間(名詞),(名詞)
representative,代表者，代理人(名詞),(名詞)
mass,塊，大部分(名詞),(名詞)
honest,正直な(形容詞),(形容詞)
imply,をほのめかす，暗示する(動詞),(動詞)
mixture,混合物，複合体(名詞),(名詞)
aware,気づいている，知っている(形容詞),(形容詞)
device,装置，仕掛け(名詞),(名詞)
deputy,代理，代わり(名詞),(名詞)
smell,においがする，臭いがする(動詞),(動詞)
overall,全体的な，全部の(形容詞),(形容詞)
custom,習慣，慣例(名詞),(名詞)
roll,転がる,"転ぶ<span class=""mode29Remark"">(動詞)</span>"
exposure,暴露，さらすこと(名詞),(名詞)
term,期間，専門用語(名詞),(名詞)
industry,産業，工業(名詞),(名詞)
otherwise,さもなければ(副詞),(副詞)
electronic,電子の，電子式の(形容詞),(形容詞)
proud,自慢に思って，誇らしげな(形容詞),(形容詞)
task,仕事，職業(名詞),(名詞)
concentration,集中，専念(名詞),(名詞)
debate,討論，議論(名詞),(名詞)
suggest,を提案する，勧める(動詞),(動詞)
derive,を引き出す，取り出す(動詞),(動詞)
lawn,芝生，草地(名詞),(名詞)
compose,を構成する，作曲する(動詞),(動詞)
react,反応する，返答する(動詞),(動詞)
proportion,比率，割合(名詞),(名詞)
confident,自信のある，確信している(形容詞),(形容詞)
manufacturing,製造している(動詞),(動詞)
multiple,掛け算する，乗算する(動詞),(動詞)
chest,たんす，チェスト(名詞),(名詞)
authority,権威，権力(名詞),(名詞)
creature,生き物，生物(名詞),(名詞)
wear,身につけている，着用している(動詞),(動詞)
swear,誓う，宣誓する(動詞),(動詞)
survival,生存/生き延びる(名詞),(名詞)
attractive,魅力的な，興味をそそる(形容詞),(形容詞)
union,統合，一致(名詞),(名詞)
prisoner,囚人，受刑者(名詞),(名詞)
sight,見ること，視力(名詞),(名詞)
expose,明らかにする，明示する(動詞),(動詞)
therefore,それゆえ，だから(副詞),(副詞)
prosecutor,検察官，検事(名詞),(名詞)
present,現在の，出席して(形容詞),(形容詞)
publication,出版物，刊行物(名詞),(名詞)
dull,面白みのない，鈍い(形容詞),(形容詞)
aspect,局面，側面，表情(名詞),(名詞)
advice,助言，忠告(名詞),(名詞)
fair,公平な，平等な(形容詞),(形容詞)
via,～経由で(前置詞),(前置詞)
mayor,市長，町長(名詞),(名詞)
lose,失う，無くす(動詞),(動詞)
judgement,判断(名詞),(名詞)
observer,観察者，傍観者(名詞),(名詞)
tongue,言葉，舌(名詞),(名詞)
defendant,被告人，告発される人(名詞),(名詞)
handle,を手で扱う，に対処する/取っ手(動詞),(動詞)
component,成分(名詞),(名詞)
declare,を宣言する，公表する(動詞),(動詞)
squeeze,絞る，押しつぶす(動詞),(動詞)
maintain,を維持する，保つ(動詞),(動詞)
passage,一節，節分(名詞),(名詞)
bitter,苦い，えぐい(形容詞),(形容詞)
whom,誰を(代名詞),(代名詞)
split,割る，裂く(動詞),(動詞)
capable,可能性がある，才能のある(形容詞),(形容詞)
habit,習慣，慣行(名詞),(名詞)
concrete,具体的な，明確な(形容詞),(形容詞)
remaining,残りの，残余の(形容詞),(形容詞)
depend,依存する，頼る(動詞),(動詞)
dependent,依存している，頼っている(形容詞),(形容詞)
so ～ that ～,とても…なので(接続詞),(接続詞)
argue,だと主張する，感情的に論じる(動詞),(動詞)
consequence,結果，影響(名詞),(名詞)
outcome,結果，成果(名詞),(名詞)
heritage,遺産，相続財産(名詞),(名詞)
ban,を禁止する/禁止(動詞),(動詞)
steam,蒸気，湯気(名詞),(名詞)
biological,生物学上の，生物的な(形容詞),(形容詞)
voter,投票者，選挙人(名詞),(名詞)
landscape,風景，眺め(名詞),(名詞)
moment,瞬間，瞬時(名詞),(名詞)
occasionally,時折，稀に(副詞),(副詞)
practical,実用的な，有用な(形容詞),(形容詞)
wipe,を拭く，拭き取る(動詞),(動詞)
tradition,伝統，慣習(名詞),(名詞)
affair,事柄，問題(名詞),(名詞)
reward,褒美，報酬(名詞),(名詞)
award,賞(名詞),(名詞)
purpose,目的，目標(名詞),(名詞)
gather,を集める，収集する(動詞),(動詞)
respect,尊敬，敬意(名詞),(名詞)
advertise,宣伝する，広告する(動詞),(動詞)
eventually,結局は，やがて(副詞),(副詞)
approval,承認，認可(名詞),(名詞)
reach,到着する，辿り着く(動詞),(動詞)
afraid,心配して，恐れて(形容詞),(形容詞)
commercial,商業の，商取引の(形容詞),(形容詞)
harmful,有害な，害のある(形容詞),(形容詞)
suggestion,提案，案(名詞),(名詞)
contrast,対照，比較(名詞),(名詞)
coal,石炭，炭(名詞),(名詞)
headquarters,本部，中心(名詞),(名詞)
absorb,を吸収する，吸い取る(動詞),(動詞)
proposal,提案，勧告(名詞),(名詞)
consumer,消費者，利用者(名詞),(名詞)
historic,由緒のある，歴史に残る(形容詞),(形容詞)
pursue,追い求める，追跡する(動詞),(動詞)
immediate,即座の，瞬時の(形容詞),(形容詞)
knee,膝(名詞),(名詞)
apply,適用する，応用する(動詞),(動詞)
existence,存在，実在(名詞),(名詞)
dismiss,を退出させる(動詞),(動詞)
regional,地方の，地域の(形容詞),(形容詞)
war,戦争，衝突(名詞),(名詞)
factor,要因，原因(名詞),(名詞)
constant,絶え間ない，一定の(形容詞),(形容詞)
encourage,を勇気づける，励ます(動詞),(動詞)
prayer,祈り，礼拝(名詞),(名詞)
forward,前方へ，前に(副詞),(副詞)
principle,原理(名詞),(名詞)
bravely,勇気をもって(副詞),(副詞)
stimulate,を刺激する，元気づける(動詞),(動詞)
address,住所，居住地(名詞),(名詞)
accept,受け入れる，受け取る(動詞),(動詞)
increase,を増やす，増大させる(動詞),(動詞)
remind,に思い出させる，に気付かせる(動詞),(動詞)
proof,証拠(名詞),(名詞)
appropriate,適当な(形容詞),(形容詞)
deserve,値する，価値がある(動詞),(動詞)
establishment,設立，創立(名詞),(名詞)
definition,定義，明確な説明(名詞),(名詞)
economic,経済の，財政の(形容詞),(形容詞)
introduce,紹介する，引き合わす(動詞),(動詞)
convey,伝える，運ぶ(動詞),(動詞)
partnership,共同，提携(名詞),(名詞)
attorney,弁護士，代理人(名詞),(名詞)
index,索引，目次(名詞),(名詞)
circumstance,状況，環境(名詞),(名詞)
conversation,会話，対話(名詞),(名詞)
poet,詩人，作詩者(名詞),(名詞)
craft,工芸，技能(名詞),(名詞)
spill,をこぼす，溢れる(動詞),(動詞)
reject,拒絶する，断る(動詞),(動詞)
province,州，地方(名詞),(名詞)
admission,入場，入場料(名詞),(名詞)
consumption,消費，消費高(名詞),(名詞)
bishop,司教，教会の指導者(名詞),(名詞)
fuel,燃料，燃えやすいもの(名詞),(名詞)
guess,推測する，予想する(動詞),(動詞)
economy,経済，節約(名詞),(名詞)
construct,を組み立てる，建設する(動詞),(動詞)
assistance,支援，手伝い(名詞),(名詞)
implement,実施する/道具，手段(動詞),(動詞)
peak,頂上，頂点(名詞),(名詞)
sculpture,彫刻，彫像(名詞),(名詞)
various,様々な，多様な(形容詞),(形容詞)
symptom,症状，兆候(名詞),(名詞)
tribe,部族，種族(名詞),(名詞)
agriculture,農業，耕作(名詞),(名詞)
dealer,販売業者，売り手(名詞),(名詞)
unlike,と異なって，とは違って(前置詞),(前置詞)
invent,を発明する，創造する(動詞),(動詞)
treaty,条約(名詞),(名詞)
trust,信頼，信用(名詞),(名詞)
instruction,指示，指導(名詞),(名詞)
comedy,喜劇，茶番(名詞),(名詞)
absolutely,絶対に，必ず(副詞),(副詞)
alliance,同盟，協定(名詞),(名詞)
law,法律，制度(名詞),(名詞)
evil,邪悪な，悪しき(形容詞),(形容詞)
chamber,小部屋，個室(名詞),(名詞)
suppose,だと思う，と仮定する(動詞),(動詞)
develop,を発達させる，を開発する(動詞),(動詞)
remember,覚えている，を思い出す(動詞),(動詞)
entitle,と題する，と名づける(動詞),(動詞)
significantly,かなり，相当に(副詞),(副詞)
confidence,自信，信頼(名詞),(名詞)
national,国の，国民の(形容詞),(形容詞)
whenever,する時はいつでも，する際は常に(接続詞),(接続詞)
rush,突進する，急ぐ，急ぎ(動詞),(動詞)
female,雌の，女性の(形容詞),(形容詞)
identity,同一性，一致性(名詞),(名詞)
independence,独立，自立(名詞),(名詞)
match,試合，競技(名詞),(名詞)
fix,固定する，固める(動詞),(動詞)
cooperation,協力，共同作業(名詞),(名詞)
coalition,連立，連合(名詞),(名詞)
detect,を検出する，を感知する(動詞),(動詞)
interior,内部の，内側の(形容詞),(形容詞)
alter,を変える，を改変する(動詞),(動詞)
retirement,退職，引退(名詞),(名詞)
sensitive,敏感な，感じやすい(形容詞),(形容詞)
reply,返答する，応答する(動詞),(動詞)
opposition,反対，対立(名詞),(名詞)
export,を輸出する，輸送する(動詞),(動詞)
psychologist,心理学者，精神科学者(名詞),(名詞)
pension,年金，老後の資金(名詞),(名詞)
correspondent,特派員(名詞),(名詞)
duty,職務，関税(名詞),(名詞)
attach,を貼り付ける，を貼る(動詞),(動詞)
personality,人格，性格(名詞),(名詞)
fully,十分に，完全に(副詞),(副詞)
scheme,計画，企画(名詞),(名詞)
install,導入する，導く(動詞),(動詞)
ingredient,材料，原料，成分(名詞),(名詞)
flood,洪水，氾濫(名詞),(名詞)
folk,人々，群衆(名詞),(名詞)
election,選挙，投票(名詞),(名詞)
despite,にも関わらず，けれども(前置詞),(前置詞)
revolution,革命，変革(名詞),(名詞)
promotion,昇進，進級(名詞),(名詞)
industrial,産業の，工業の(形容詞),(形容詞)
dramatic,劇的な，感動的な(形容詞),(形容詞)
lean,傾く，寄りかかる(動詞),(動詞)
exhibition,展示，展覧(名詞),(名詞)
compromise,妥協，和解(名詞),(名詞)
anxiety,心配，不安(名詞),(名詞)
relevant,関連のある，適切な(形容詞),(形容詞)
observation,観察，観測(名詞),(名詞)
manager,部長，支配人(名詞),(名詞)
defeat,負かす，打ち破る(動詞),(動詞)
surgery,手術，外科(名詞),(名詞)
reaction,反応，反響(名詞),(名詞)
abandon,を捨て去る，放棄する(動詞),(動詞)
crisis,危機，困難(名詞),(名詞)
comfort,快適さ/慰める(名詞),(名詞)
wise,賢い，賢明な(形容詞),(形容詞)
sustain,保持する，維持する(動詞),(動詞)
hire,雇う，採用する(動詞),(動詞)
slip,滑る(動詞),(動詞)
entirely,完全に，全く(副詞),(副詞)
totally,完全に，全く(副詞),(副詞)
extensive,広範な，広い範囲の(形容詞),(形容詞)
represent,を表す，を代表する(動詞),(動詞)
receive,を受理する，受け取る(動詞),(動詞)
employ,雇う，採用する(動詞),(動詞)
hang,つるす，掛ける(動詞),(動詞)
context,文脈，背景(名詞),(名詞)
famous,有名な，著名な(形容詞),(形容詞)
assumption,想定，仮説(名詞),(名詞)
charge,非難，料金，管理/に請求する(名詞),(名詞)
civilization,文明，文明社会(名詞),(名詞)
aid,援助/助ける(名詞),(名詞)
poll,投票，選挙(名詞),(名詞)
scientific,科学の，理科の(形容詞),(形容詞)
pleasure,楽しみ，喜び(名詞),(名詞)
dislike,嫌がる，嫌い(動詞),(動詞)
environment,環境，状況(名詞),(名詞)
architect,建築家(名詞),(名詞)
coast,海岸，沿岸地域(名詞),(名詞)
evolution,進化，発展(名詞),(名詞)
recall,呼び戻す，思い出す(動詞),(動詞)
agreement,同意，賛成(名詞),(名詞)
county,州，郡(名詞),(名詞)
nation,国家，国土(名詞),(名詞)
negotiate,交渉する，協議する(動詞),(動詞)
depth,深さ(名詞),(名詞)
astronaut,宇宙飛行士(名詞),(名詞)
threat,脅威，危機(名詞),(名詞)
transform,を変える，を改変する(動詞),(動詞)
method,方法，手段(名詞),(名詞)
jail,刑務所，拘置所(名詞),(名詞)
university,大学，大学校(名詞),(名詞)
primitive,原始的な，先史的な(形容詞),(形容詞)
emerge,現れる(動詞),(動詞)
physical,身体の，肉体の(形容詞),(形容詞)
　false,誤った，間違った(形容詞),(形容詞)
highlight,目立たせる，最も明るい部分(動詞),(動詞)
estimate,を推定する，評価する(動詞),(動詞)
rational,理性のある(形容詞),(形容詞)
efficient,効率のいい，効率的な(形容詞),(形容詞)
initiative,主導権，自発性(名詞),(名詞)
recommendation,推薦，推奨(名詞),(名詞)
according,による，準じて(前置詞),(前置詞)
implication,含み，裏の意味(名詞),(名詞)
seldom,めったに～しない，稀に(副詞),(副詞)
pregnant,妊娠している，妊娠中の(形容詞),(形容詞)
society,社会，共同体(名詞),(名詞)
breath,息，呼吸(名詞),(名詞)
employer,雇用者，雇い主(名詞),(名詞)
advertising,広告，宣伝(名詞),(名詞)
equipment,装置，設備(名詞),(名詞)
universe,宇宙，宙域(名詞),(名詞)
addition,追加，付加(名詞),(名詞)
visible,目に見える,"可視的<span class=""mode29Remark"">(形容詞)</span>"
opinion,意見，考え(名詞),(名詞)
decline,断る，拒否する(動詞),(動詞)
male,男性，雄(名詞),(名詞)
somehow,どうにか，何とか(副詞),(副詞)
suit,適合する，合致する(動詞),(動詞)
latter,後者の，後半の(形容詞),(形容詞)
merely,単に，ただ(副詞),(副詞)
appearance,出現，外見(名詞),(名詞)
fairly,かなり，公平に(副詞),(副詞)
chapter,章，区切り(名詞),(名詞)
nearby,近くの，隣近所の(形容詞),(形容詞)
settle,決着させる，解決する(動詞),(動詞)
contribute,に寄付する，捧げる(動詞),(動詞)
foreign,外国の，海外の(形容詞),(形容詞)
extend,延びる，延長する(動詞),(動詞)
policy,政策，方針(名詞),(名詞)
cope,対処する，処理する(動詞),(動詞)
religion,宗教，信仰(名詞),(名詞)
conclusion,結論，最終的な判断(名詞),(名詞)
treatment,扱い，処理(名詞),(名詞)
alternative,代替物，代案(名詞),(名詞)
reverse,反対の，裏側の(形容詞),(形容詞)
former,前の，以前の(形容詞),(形容詞)
victim,犠牲者，被害者(名詞),(名詞)
distinction,区別，相違(名詞),(名詞)
lab,研究室，研究所(名詞),(名詞)
literary,文学の，文芸の(形容詞),(形容詞)
feed,えさを与える(名詞),(名詞)
patient,我慢強い，患者(名詞),(名詞)
state,状態，状況(名詞),(名詞)
forever,永遠に，ずっと(副詞),(副詞)
propose,を提案する，申し出る(動詞),(動詞)
pleasant,楽しい，愉快な(形容詞),(形容詞)
content,中身，内容，目次(名詞),(名詞)
order,命令，指令(名詞),(名詞)
superior,より優れた，優越な(形容詞),(形容詞)
pretend,のふりをする，に成りすます(動詞),(動詞)
unique,他に類を見ない，唯一の(形容詞),(形容詞)
preparation,準備，用意(名詞),(名詞)
afford,余裕がある，ゆとりがある(動詞),(動詞)
congress,会議，集会(名詞),(名詞)
nuclear,核の，中心の(形容詞),(形容詞)
regarding,に関して，について(前置詞),(前置詞)
party,政党，党派(名詞),(名詞)
finance,財政，財務(名詞),(名詞)
financial,財政の，財務に関する(形容詞),(形容詞)
intelligently,かしこく(副詞),(副詞)
describe,を述べる，描写する(動詞),(動詞)
operate,操作する，操る(動詞),(動詞)
embrace,を抱きしめる，擁する(動詞),(動詞)
resistance,抵抗，反対(名詞),(名詞)
dozen,12の(名詞),(名詞)
corridor,廊下，通路(名詞),(名詞)
bend,曲げる(動詞),(動詞)
strike,叩く，打つ(動詞),(動詞)
educate,教育する，訓練する(動詞),(動詞)
fabric,織物，布地(名詞),(名詞)
clerk,事務員，社員(名詞),(名詞)
evidence,証拠，証明(名詞),(名詞)
concentrate,に集中する(動詞),(動詞)
funding,資金調達，資本集め(名詞),(名詞)
extraordinary,普通でない，異常な(形容詞),(形容詞)
civilian,民間人，一般市民(名詞),(名詞)
broadcast,放送する(動詞),(動詞)
maintenance,持続，保全(名詞),(名詞)
faith,信頼，信用(名詞),(名詞)
alike,よく似た，類似の(形容詞),(形容詞)
grammar,文法，文法規則(名詞),(名詞)
vehicle,乗り物，車(名詞),(名詞)
remain,のままである，残る(動詞),(動詞)
benefit,利益/に利益をもたらす(名詞),(名詞)
length,長さ，延長(名詞),(名詞)
carbon,炭素，炭素素子(名詞),(名詞)
useful,役に立つ，有用な(形容詞),(形容詞)
fat,太った，肥満した(形容詞),(形容詞)
provision,供給，支給(名詞),(名詞)
subject,教科，主題(名詞),(名詞)
region,地域，領域(名詞),(名詞)
boundary,境界，限界(名詞),(名詞)
adopt,を自分のものにする，を取り入れる(動詞),(動詞)
wisdom,知恵，賢明さ(名詞),(名詞)
express,表現する，を言い表す(動詞),(動詞)
brick,れんが，れんが状のもの(名詞),(名詞)
creation,創造，創作(名詞),(名詞)
greet,を出迎える，に挨拶する(動詞),(動詞)
block,を妨げる，を阻害する(動詞),(動詞)
escape,逃れる，脱走する(動詞),(動詞)
obtain,を手に入れる，を獲得する(動詞),(動詞)
gradually,次第に，だんだんに(副詞),(副詞)
obvious,明白な，明瞭な(形容詞),(形容詞)
innocent,罪のない，無罪の(形容詞),(形容詞)
distribution,分布，配分(名詞),(名詞)
exactly,正確に，正確で(副詞),(副詞)
continent,大陸，陸地(名詞),(名詞)
arms,武器，兵器(名詞),(名詞)
compound,調合する，調合品を作る(動詞),(動詞)
public,公共の，共有の(形容詞),(形容詞)
awareness,気づき，認識(名詞),(名詞)
remove,を取り除く，を除去する(動詞),(動詞)
opponent,相手，対象(名詞),(名詞)
neighborhood,近所，近隣(名詞),(名詞)
while,一方で(接続詞),(接続詞)
council,議会，会議(名詞),(名詞)
suitable,適した，好都合な(形容詞),(形容詞)
secretary,秘書，秘書官(名詞),(名詞)
participate,参加する，出席する(動詞),(動詞)
politics,政治，政策(名詞),(名詞)
accurate,正確な，的確な(形容詞),(形容詞)
chew,嚙む(動詞),(動詞)
strange,奇妙な，異常な(形容詞),(形容詞)
conventional,従来の，伝統的な(形容詞),(形容詞)
organization,組織，団体，協会(名詞),(名詞)
desperate,やけくその，軽率な(形容詞),(形容詞)
moral,道徳の，道徳的な(形容詞),(形容詞)
intellectual,知的な，知識に関する(形容詞),(形容詞)
emphasis,強調，重視(名詞),(名詞)
particularly,特に，とりわけ(副詞),(副詞)
founder,創設者，創立者(名詞),(名詞)
consider,について考える，だと見なす(動詞),(動詞)
emotional,感情の，情緒の(形容詞),(形容詞)
infection,感染(名詞),(名詞)
identify,を見分ける，識別する(動詞),(動詞)
demand,要求，需要/を要求する(名詞),(名詞)
given,与えられた，授与された(形容詞),(形容詞)
transition,遷移，変遷(名詞),(名詞)
author,著者，作者(名詞),(名詞)
considerable,かなりの，相当な(形容詞),(形容詞)
graduate,を卒業する，を修了する(動詞),(動詞)
conduct,行為，行動(名詞),(名詞)
crowd,群衆，大衆(名詞),(名詞)
nature,自然，天然(名詞),(名詞)
broad,広い，拡大する(形容詞),(形容詞)
physician,医師，内科医(名詞),(名詞)
persuade,を説得する，口説き落とす(動詞),(動詞)
achievement,達成，成就(名詞),(名詞)
witness,目撃者，証人/を目撃する(名詞),(名詞)
face,直面する/顔(動詞),(動詞)
focus,焦点，中心(名詞),(名詞)
federal,連邦の，連邦制の(形容詞),(形容詞)
associate,結びつけて考える，賛同する(動詞),(動詞)
aim,ねらいをつける，狙う(動詞),(動詞)
deficit,赤字，欠損(名詞),(名詞)
activist,行動主義者，活動家(名詞),(名詞)
primary,最初の，初めての(形容詞),(形容詞)
joy,喜び，歓喜(名詞),(名詞)
inspector,検査官，監査人(名詞),(名詞)
actually,実際に，現実に(副詞),(副詞)
previous,前の，以前の(形容詞),(形容詞)
variation,変化，変動(名詞),(名詞)
stupid,馬鹿な，愚かな(形容詞),(形容詞)
poverty,貧困，貧乏，困窮(名詞),(名詞)
appeal,訴える，告発する，告訴する(動詞),(動詞)
substance,物質，実態(名詞),(名詞)
regulation,規制，規定(名詞),(名詞)
bare,裸の，露出の(形容詞),(形容詞)
awake,目を覚ましている，覚醒している(形容詞),(形容詞)
suspect,疑う，だと思う(動詞),(動詞)
battery,電池，蓄電池(名詞),(名詞)
income,所得，収入(名詞),(名詞)
fault,欠点，短所(名詞),(名詞)
tissue,組織(名詞),(名詞)
stranger,他人，他者(名詞),(名詞)
expensive,高価な，費用のかかる(形容詞),(形容詞)
difference,違い，差分(名詞),(名詞)
percentage,割合，比率(名詞),(名詞)
own,自身の，自分自身の(形容詞),(形容詞)
brief,短い，短時間の(形容詞),(形容詞)
useless,役に立たない，むだな(形容詞),(形容詞)
predict,を予想する，を予測する(動詞),(動詞)
personnel,人事，職員(名詞),(名詞)
sudden,突然の，急な(形容詞),(形容詞)
transfer,を移す，を転送する(動詞),(動詞)
solid,固い，固形の(形容詞),(形容詞)
mess,混乱，錯乱，無秩序(名詞),(名詞)
flee,逃げる，逃走する(動詞),(動詞)
drain,排出させる，排水をする(動詞),(動詞)
remark,ことば(名詞),(名詞)
lecture,講義(名詞),(名詞)
resolution,解決，決意(名詞),(名詞)
desert,砂漠，乾燥地帯(名詞),(名詞)
advocate,提唱する，主張する(動詞),(動詞)
bet,賭ける，博打をする(動詞),(動詞)
characteristic,特有の，独特の(形容詞),(形容詞)
education,教育，指導(名詞),(名詞)
whatever,なんでも，何もかも(代名詞),(代名詞)
cause,原因/の原因となる(名詞),(名詞)
commitment,約束，委託(名詞),(名詞)
supply,供給(名詞),(名詞)
temporary,一時的な，短期的な(形容詞),(形容詞)
involve,を含む，を巻き込む(動詞),(動詞)
meal,食事，食事療法(名詞),(名詞)
replace,を取り換える，を交換する(動詞),(動詞)
expression,表現，言い回し(名詞),(名詞)
investor,投資家，投資者(名詞),(名詞)
humanity,人間，人間性(名詞),(名詞)
majority,大多数，多数派(名詞),(名詞)
possess,を所有する(動詞),(動詞)
contribution,寄付，貢献(名詞),(名詞)
frequently,頻繁に,"たびたび<span class=""mode29Remark"">(副詞)</span>"
shrug,肩をすくめる，無視する(動詞),(動詞)
operator,操作者，操縦者(名詞),(名詞)
slightly,わずかに，少し(副詞),(副詞)
interpretation,解釈，通訳(名詞),(名詞)
rely,頼る，依存する(動詞),(動詞)
reduction,削減，減少(名詞),(名詞)
whole,全部の，すべての(形容詞),(形容詞)
purchase,を購入する/購入(動詞),(動詞)
summit,頂上，山頂(名詞),(名詞)
hell,地獄，奈落(名詞),(名詞)
typically,典型的に，一般的に(副詞),(副詞)
admire,を賞賛する，を賛美する(動詞),(動詞)
literature,文学，文芸(名詞),(名詞)
issue,問題，（雑誌などの）号(名詞),(名詞)
rent,家賃，賃料(名詞),(名詞)
widely,広範囲に，多くの範囲に(副詞),(副詞)
satisfaction,満足，充足(名詞),(名詞)
worry,心配させる，心配する(動詞),(動詞)
rub,こする，さする(動詞),(動詞)
completely,完全に，全く(副詞),(副詞)
disappear,消える，見えなくなる(動詞),(動詞)
inflation,膨張，拡大(名詞),(名詞)
maybe,たぶん，おそらく(副詞),(副詞)
calculate,計算する，算出する(動詞),(動詞)
determine,を決める，を定める(動詞),(動詞)
Mexican,メキシコの，メキシコ系の(形容詞),(形容詞)
crop,収穫物，作物(名詞),(名詞)
prosecution,起訴，告訴(名詞),(名詞)
toe,つま先，足の指(名詞),(名詞)
seize,つかむ，把握する(動詞),(動詞)
imagination,想像，仮想(名詞),(名詞)
governor,知事，州知事(名詞),(名詞)
curiosity,好奇心，探究心(名詞),(名詞)
rise,上がる，昇る(動詞),(動詞)
tail,尾，尾部(名詞),(名詞)
except,を除いて，除外して(前置詞),(前置詞)
string,紐，糸(名詞),(名詞)
appoint,任命する，指定する(動詞),(動詞)
military,軍隊，兵力(名詞),(名詞)
conference,会議，対話(名詞),(名詞)
explanation,説明，解説(名詞),(名詞)
atmosphere,雰囲気，気候(名詞),(名詞)
toward,向かって，のほうへ(前置詞),(前置詞)
convenient,都合がよい，便利な(形容詞),(形容詞)
examination,試験，実験(名詞),(名詞)
sort,種類，類(名詞),(名詞)
strongly,強く，激しく(副詞),(副詞)
fear,を恐れる，恐がる/恐れ(名詞),(名詞)
ability,能力，力量(名詞),(名詞)
weight,重さ，体重(名詞),(名詞)
exclude,除く，排除する(動詞),(動詞)
discipline,しつけ，規律(名詞),(名詞)
share,分かち合う/分け前(動詞),(動詞)
potentially,潜在的に，可能性として(副詞),(副詞)
extent,程度，大きさ(名詞),(名詞)
discussion,議論，討論(名詞),(名詞)
settlement,移住，定住(名詞),(名詞)
enormous,非常に大きい，極端に大きい(形容詞),(形容詞)
presence,存在，存在感(名詞),(名詞)
effective,効果的な，有用な(形容詞),(形容詞)
rapid,急速な，急激な(形容詞),(形容詞)
basis,土台，根拠(名詞),(名詞)
commander,司令官，指揮官(名詞),(名詞)
radical,急進的な，抜本的な(形容詞),(形容詞)
individual,個人の，個々の(形容詞),(形容詞)
journal,日誌，日記(名詞),(名詞)
avoid,を避ける，を回避する(動詞),(動詞)
stake,くい，掛け金(名詞),(名詞)
possibly,ひょっとすると，もしかしたら(副詞),(副詞)
violence,暴力，乱暴(名詞),(名詞)
likely,起こりそうな，可能性がある(形容詞),(形容詞)
entertainment,娯楽，楽しみ(名詞),(名詞)
opposite,反対の，向こう側の(形容詞),(形容詞)
district,地域，地区(名詞),(名詞)
domestic,国内の，家庭の(形容詞),(形容詞)
pitch,投げる，放る(動詞),(動詞)
historical,歴史上の，過去の(形容詞),(形容詞)
bullet,弾丸(名詞),(名詞)
revenue,収益，所得(名詞),(名詞)
democracy,民主主義，民主制度(名詞),(名詞)
legislation,立法，法制定(名詞),(名詞)
breast,胸部，胸(名詞),(名詞)
actual,現実の，事実の(形容詞),(形容詞)
eager,強く望んでいる，切望している(形容詞),(形容詞)
possible,可能な，実現可能な(形容詞),(形容詞)
proverb,ことわざ(名詞),(名詞)
psychological,心理的な，精神的な(形容詞),(形容詞)
refugee,難民，避難者(名詞),(名詞)
origin,起源，由来(名詞),(名詞)
transport,を輸送する，を運搬する(動詞),(動詞)
notion,考え，意見(名詞),(名詞)
initially,最初は，初めて(副詞),(副詞)
doubt,疑い，疑問(名詞),(名詞)
sigh,ため息をつく，溜め息をつく(動詞),(動詞)
laboratory,実験室，研究所(名詞),(名詞)
delight,喜び，歓喜(名詞),(名詞)
shortly,まもなく，近々(副詞),(副詞)
universal,普遍的な，万能の(形容詞),(形容詞)
surely,確かに(副詞),(副詞)
labor,労働，労働者(名詞),(名詞)
entire,全体の，全部の(形容詞),(形容詞)
blood,血，血液(名詞),(名詞)
wonder,かなと思う(動詞),(動詞)
arise,起こる，現れる(動詞),(動詞)
incorporate,合体させる，統合する(動詞),(動詞)
mere,単なる，ただの(形容詞),(形容詞)
agenda,議題(名詞),(名詞)
terror,恐怖，恐れ(名詞),(名詞)
truly,真に，正確に(副詞),(副詞)
necessary,必要な(形容詞),(形容詞)
science,科学，自然科学(名詞),(名詞)
favor,親切な行為，好意(名詞),(名詞)
recession,不況，後退(名詞),(名詞)
aircraft,航空機，飛行機(名詞),(名詞)
prison,刑務所(名詞),(名詞)
anniversary,～周年，記念日(名詞),(名詞)
possibility,可能性，実現性(名詞),(名詞)
sequence,連続，継続(名詞),(名詞)
slight,かすかな，わずかの(形容詞),(形容詞)
customer,顧客，お客様(名詞),(名詞)
inform,情報を与える，に知らせる(動詞),(動詞)
illegal,違法の，不正な(形容詞),(形容詞)
investigation,調査，研究(名詞),(名詞)
depression,落ち込み，不景気(名詞),(名詞)
matter,問題，困ったこと(名詞),(名詞)
unless,でない限り，除いて(接続詞),(接続詞)
necessity,必要性，必須(名詞),(名詞)
supreme,最高の，至高の(形容詞),(形容詞)
severe,厳しい，厳格な(形容詞),(形容詞)
bloody,血の，血液の(形容詞),(形容詞)
apart,離れて，遠くに(副詞),(副詞)
cast,投げる，放る(動詞),(動詞)
airline,航空会社，航空業者(名詞),(名詞)
trading,取引(名詞),(名詞)
path,小道，細道(名詞),(名詞)
appreciate,感謝する，ありがたがる(動詞),(動詞)
crack,裂け目，ひび(名詞),(名詞)
hesitate,ためらう，躊躇する(動詞),(動詞)
contrary,反対の，逆の(形容詞),(形容詞)
depending,依存している，依存状態(動詞（現在分詞）),(動詞（現在分詞）)
household,家族，世帯(名詞),(名詞)
laughter,笑い，笑顔(名詞),(名詞)
teenager,十代，少年期(名詞),(名詞)
crime,犯罪，罪行(名詞),(名詞)
frighten,怖がらせる，恐れさせる(動詞),(動詞)
quarter,四半期，四分期(名詞),(名詞)
mortgage,抵当，担保(名詞),(名詞)
indicate,を指し示す(動詞),(動詞)
stroke,打撃，衝撃(名詞),(名詞)
shortage,不足，欠乏(名詞),(名詞)
explore,探索する，調査する(動詞),(動詞)
property,財産，所有物(名詞),(名詞)
freeze,凍る，氷結(動詞),(動詞)
closely,綿密に，詳細に(副詞),(副詞)
venture,冒険的事業，投機的事業(名詞),(名詞)
pretty,かなり，相当に(副詞),(副詞)
account,銀行口座(名詞),(名詞)
internal,内部の，内側の(形容詞),(形容詞)
edge,端，縁(名詞),(名詞)
environmental,環境の，自然環境の(形容詞),(形容詞)
plenty,たくさん，多く(名詞),(名詞)
amendment,修正，改訂(名詞),(名詞)
fiber,繊維，糸(名詞),(名詞)
somewhat,いくぶん，いくらか(副詞),(副詞)
restriction,制限，限定(名詞),(名詞)
in order to,～するために，～の目的で(熟語),(熟語)
not only A but also B,AだけでなくBもまた，Aと同様Bも(接続詞),(接続詞)
a number of,たくさんの，多数の(熟語),(熟語)
end up,最終的に，することになる(動詞),(動詞)
publish,を出版する，発行する(動詞),(動詞)
expense,費用，出費，犠牲(名詞),(名詞)
similar,似ている，類似の(形容詞),(形容詞)
pollution,汚染，汚れ，汚染物(名詞),(名詞)
foundation,土台，根拠，設立(名詞),(名詞)
compare,を比較する，をたとえる(動詞),(動詞)
lead to,に導く，～につながる(熟語),(熟語)
furthermore,さらに，その上(副詞),(副詞)
more and more,ますます多くの，更に(熟語),(熟語)
consume,を消費する，消耗する(動詞),(動詞)
employment,雇用，採用(名詞),(名詞)
by chance,偶然に，たまたま(熟語),(熟語)
until,までに，まで(接続詞/前置詞),(接続詞/前置詞)
arrest,を逮捕する，捕まえる(動詞),(動詞)
betray,を裏切る，をだます(動詞),(動詞)
affect,に影響を与える，に作用する(動詞),(動詞)
portable,持ち運べる，携帯用の(形容詞),(形容詞)
construction,建設，構造，建造物(名詞),(名詞)
convert,を変える，転換する(動詞),(動詞)
resident,住民，居住者(名詞),(名詞)
provide,を供給する，提供する(動詞),(動詞)
metal,金属，合金(名詞),(名詞)
currency,通貨，流通(名詞),(名詞)
in contrast,対照的に，これに対して(接続詞),(接続詞)
additionally,加えて，さらに，追加で(副詞),(副詞)
in response to,に応じて，に反応して(熟語),(熟語)
at the same time,同時に，一斉に(熟語),(熟語)
preserved,保存された，保管された(形容詞),(形容詞)
analyze,を分析する，分解する(動詞),(動詞)
a variety of,いろいろな，さまざまな(熟語),(熟語)
sympathy,同情，思いやり(名詞),(名詞)
flexibility,しなやかさ，弾力性，柔軟性(名詞),(名詞)
manage,何とかうまくやる，管理を行う(動詞),(動詞)
reach out,手を延ばす，手を差し出す(熟語),(熟語)
for fear of,を恐れて，を怖がって(熟語),(熟語)
on behalf of,の代わりに，代わって(熟語),(熟語)
on account of,のため，目的の(熟語),(熟語)
artificial,人工的な，人造の(形容詞),(形容詞)
prevent A from B,AをBから防ぐ，AをBから保護する(熟語),(熟語)
measure,措置，測るもの/を測る(動詞),(動詞)
be born with,生まれつき，生来の(熟語),(熟語)
since then,それ以来，それ以降(熟語),(熟語)
turn A into B,AをBに(質的に)変える，AをBに(質的に)転換する(熟語),(熟語)
fertilizer,肥料，育成剤(名詞),(名詞)
made of,で出来ている，構成されている(熟語),(熟語)
make sure,を確かめる，必ず手配する(熟語),(熟語)
tolerate,に耐える，寛大に取り扱う(動詞),(動詞)
journey,旅，旅行(名詞),(名詞)
get along,うまくやる，仲良くやる(熟語),(熟語)
keep up with,に遅れず付いていく，遅れないで追随する(熟語),(熟語)
cell,細胞，マス目(名詞),(名詞)
annually,毎年の，年一回ずつ(副詞),(副詞)
invest in,に投資する，に資本を提供する(熟語),(熟語)
embarrass,を恥ずかしがらせる，を恥じさせる(動詞),(動詞)
enlarge,を拡大する，を広げる(動詞),(動詞)
brilliant,優れた，光り輝く(形容詞),(形容詞)
vote for,に賛成する，に投票する(熟語),(熟語)
frequent,頻繁な，しばしば起こる(形容詞),(形容詞)
gravity,重力，引力(名詞),(名詞)
rare,まれな，珍しい(形容詞),(形容詞)
decide,決心する，決定する(動詞),(動詞)
bank account,銀行口座，貯金口座(熟語),(熟語)
locate,見つける，位置を突きとめる(動詞),(動詞)
apply to,に適用する，に応用する(熟語),(熟語)
politely,丁寧に，礼儀正しく(副詞),(副詞)
accidentally,誤って，知らずに(副詞),(副詞)
satisfy,を満足させる，を喜ばせる(動詞),(動詞)
appointment,予定，約束(名詞),(名詞)
luxury,贅沢な/贅沢(名詞),(名詞)
replacement,置換，代替(名詞),(名詞)
in touch,連絡中，連絡が取れて(熟語),(熟語)
celebrate,祝う，祝福する(動詞),(動詞)
imitate,模倣する，真似る(動詞),(動詞)
assignment,割り当て，配分(名詞),(名詞)
instrument,楽器，音楽器具(名詞),(名詞)
capable of,ができる，可能で(熟語),(熟語)
arrange,整える，を配置する(動詞),(動詞)
take after,をまねる，に似る(熟語),(熟語)
guilty of,罪を犯して，違法行為をして(熟語),(熟語)
work out,練習する，運動する(熟語),(熟語)
electricity,電力，電気(名詞),(名詞)
composer,作曲，楽曲制作(名詞),(名詞)
furniture,家具，調度品(名詞),(名詞)
medicine,薬，医薬品(名詞),(名詞)
sufficient,十分な，足りている(形容詞),(形容詞)
barely,かろうじて，やっと(副詞),(副詞)
delete,を削除する，消す(動詞),(動詞)
urgent,緊急の，急を要する(形容詞),(形容詞)
generous,気前のよい，寛容な(形容詞),(形容詞)
cruel,残酷な，ひどい(形容詞),(形容詞)
celebration,お祝い，祝典(名詞),(名詞)
reflection,反響，反射(名詞),(名詞)
whisper,ささやく，を耳打ちする(動詞),(動詞)
deposit,お金を預ける，を預金する(動詞),(動詞)
apology,謝罪，お詫び(名詞),(名詞)
deceive,を欺く，をだます(動詞),(動詞)
endure,を我慢する，耐える(動詞),(動詞)
disposal,処理，処分(動詞),(動詞)
statistics,統計，数字(名詞),(名詞)
terminal,終りの，末端の(形容詞),(形容詞)
formation,形成，構成(名詞),(名詞)
envelope,封筒，封書(名詞),(名詞)
quarrel,喧嘩，口論，言い争い(名詞),(名詞)
from time to time,時々，偶に(熟語),(熟語)
in demand,需要のある，求められる(熟語),(熟語)
stand out,目立つ，すぐれている(熟語),(熟語)
in the meantime,とりあえず，それまでは(熟語),(熟語)
to some extent,いくらか，ある程度(熟語),(熟語)
at any cost,どんな犠牲を払っても，何がなんでも(熟語),(熟語)
on the contrary,その反対で，それどころか(接続詞),(接続詞)
lose face,面子を失う，恥をかく(熟語),(熟語)
answer for,責任を負う，引き受ける(熟語),(熟語)
insist on,するように強く求める，強調する(熟語),(熟語)
not always,必ずしもではない，いつもとは限らない(熟語),(熟語)
in common,共通して，一般的に(熟語),(熟語)
be affected by,の影響を受ける，影響される(熟語),(熟語)
luckily,幸いなことに，幸運にも(副詞),(副詞)
not yet,まだ，今のところ(熟語),(熟語)
in response,に応じて，に対応して(熟語),(熟語)
have effects on,に影響を与える，に作用する(熟語),(熟語)
five senses,五感，感覚器官(熟語),(熟語)
ankle,足首，くるぶし(名詞),(名詞)
related to,に関連する，に関わる(熟語),(熟語)
active,活動的な，活気のある(形容詞),(形容詞)
lesser,より少ない，いっそう少ない(形容詞),(形容詞)
immune,免疫の，免疫のある(形容詞),(形容詞)
disorder,無秩序，混乱(名詞),(名詞)
mental,精神の，心の(形容詞),(形容詞)
intend to,するつもりである，する意図がある(熟語),(熟語)
at present,現在は，今は(熟語),(熟語)
make a difference,違いを生む，差をつける(熟語),(熟語)
exceptionally,例外的に，非常に(副詞),(副詞)
almost,ほとんど，たいてい(副詞),(副詞)
as to,に関して，について(接続詞),(接続詞)
collapse,崩壊する，つぶれる(動詞),(動詞)
insult,を侮辱する，を罵る(動詞),(動詞)
isolated,孤立した，隔離された(形容詞),(形容詞)
punctual,規則正しい，時間通りの(形容詞),(形容詞)
frightened,恐ろしかった，怖かった(形容詞),(形容詞)
guarantee,を保証する/保証(動詞),(動詞)
blame,を非難する，批判する(動詞),(動詞)
violate,違反する，破る(動詞),(動詞)
delay,を遅らせる，先延ばしにする(動詞),(動詞)
immigrate,移住する，移転する(動詞),(動詞)
instinct,直感，本能，勘(名詞),(名詞)
strangely,不思議なことに，奇妙に(副詞),(副詞)
chase,を追跡する，追いかける/追跡(動詞),(動詞)
pour,を注ぐ，激しく降る(動詞),(動詞)
at one time,一度に，同時に(熟語),(熟語)
all the way,はるばる，わざわざ(熟語),(熟語)
pull away,引き離す，引き剥がす(熟語),(熟語)
try out,を試す，十分に試してみる(熟語),(熟語)
break into,に押し入る，侵入する(熟語),(熟語)
call it a day,終了する，仕事を切り上げる(熟語),(熟語)
be awake,目を覚ましている，覚醒している(熟語),(熟語)
brightness,輝度，明るさ(名詞),(名詞)
have an effect on,に影響を及ぼす，影響する(熟語),(熟語)
indoor,室内/屋内の(形容詞),(形容詞)
senior,ポストが上の/年上の人(形容詞),(形容詞)
be adjusted to,に調整する，調節する(熟語),(熟語)
specific,具体的な，特定の(形容詞),(形容詞)
heart rate,心拍数，脈拍(名詞),(名詞)
be beneficial to,に有益である，役立つ(熟語),(熟語)
what is called,いわゆる，通称(熟語),(熟語)
symmetry,対称，左右対称(名詞),(名詞)
each other,お互い，それぞれ(熟語),(熟語)
check for,を調べる，確認する(熟語),(熟語)
over time,超過勤務，延長時間(熟語),(熟語)
What is more,さらに，その上(接続詞),(接続詞)
for some time,しばらくの間，一時的に(熟語),(熟語)
at a time,１度に，同時に(熟語),(熟語)
parking lot,駐車場，停車場(名詞),(名詞)
learn by heart,暗記する(熟語),(熟語)
copyright,著作権，版権(名詞),(名詞)
director,監督，指導者，役員(名詞),(名詞)
in reality,実際に，現実に(熟語),(熟語)
claim to do,することを主張する(熟語),(熟語)
it is common to hear,を聞くのが一般的です，よく聞かれる(熟語),(熟語)
temple,お寺，寺院(名詞),(名詞)
bring,持って来る，連れてくる(動詞),(動詞)
throw away,廃棄する，を捨てる(熟語),(熟語)
garbage,生ゴミ，くず(名詞),(名詞)
environmentally,環境的に，情勢的に(副詞),(副詞)
process,過程，手順/を加工処理する(名詞),(名詞)
turn into,に変わる，に転ずる(熟語),(熟語)
cut down on,を切り詰める，節約する(熟語),(熟語)
fossil fuel,化石燃料(名詞),(名詞)
plastic bag,ビニール袋，プラスチック袋(名詞),(名詞)
harm,害，危害/を害する(名詞),(名詞)
unbelievable,信じられない，信じがたい(形容詞),(形容詞)
arrogant,傲慢な，横柄な(形容詞),(形容詞)
harbor,港，港湾(名詞),(名詞)
temper,気性，かんしゃく(名詞),(名詞)
legend,伝説，言い伝え(名詞),(名詞)
vague,漠然とした，あいまいな(形容詞),(形容詞)
harvest,収穫/を収穫する(動詞),(動詞)
planet,惑星，天体(名詞),(名詞)
ruin,を台無しにする，破滅する/破滅(動詞),(動詞)
launch,発売する，船をおろす(動詞),(動詞)
refuse,を拒否する，拒む(動詞),(動詞)
overtake,追い越す，追いつく(動詞),(動詞)
restrict,を制限する，を限定する(動詞),(動詞)
stock,株，在庫/を在庫に持つ(名詞),(名詞)
competitor,競合他社，競争相手(名詞),(名詞)
spectator,観客，見物人(名詞),(名詞)
explorer,冒険者，探検家(名詞),(名詞)
remind of,を思い出させる，気づかせる(熟語),(熟語)
concentrate on,に集中する，専念する(熟語),(熟語)
laugh at,を見て笑う，楽しむ(熟語),(熟語)
well off,裕福な，富裕な(形容詞),(形容詞)
straight on,まっすぐに，直線的に(熟語),(熟語)
far off,はるかかなたの，遠くの(熟語),(熟語)
equal,同等，等しい(形容詞),(形容詞)
drop off,落ちる，落とす(熟語),(熟語)
leave out,除外する，取り除く(熟語),(熟語)
the other,もう一方の，反対側の(形容詞),(形容詞)
sustainable,存続可能な，持続可能な(形容詞),(形容詞)
leftover,残り物，食べ残し(名詞),(名詞)
because of,～が理由で，目的のために(熟語),(熟語)
hundreds of,何百もの(熟語),(熟語)
efficiency,効率，能率(名詞),(名詞)
arrangement,配置，配列(名詞),(名詞)
prescription,処方，処方箋(名詞),(名詞)
generously,惜しみなく，気前よく(副詞),(副詞)
do well,うまくやる，成功する(熟語),(熟語)
deadline,締め切り，期限(名詞),(名詞)
exception,例外，特例(名詞),(名詞)
temporarily,一時的に，仮に(副詞),(副詞)
provide A with B,AにBを提供する，AがBを供給する(熟語),(熟語)
fund,基金，資金(名詞),(名詞)
in the long run,長い目で見れば，長期間に(熟語),(熟語)
overlap,重ねる，積む(動詞),(動詞)
collaboration,共同，共作，協力(名詞),(名詞)
detective,探偵，刑事，捜査官(名詞),(名詞)
modify,を変更する，を修正する(動詞),(動詞)
stir,をかき混ぜる,"混ぜる<span class=""mode29Remark"">(動詞)</span>"
orbit,軌道,"軌跡<span class=""mode29Remark"">(名詞)</span>"
emotionally,感情的に,"情緒的に<span class=""mode29Remark"">(副詞)</span>"
evaluate,評価する，見積もる(動詞),(動詞)
prospect,見込み，眺め(名詞),(名詞)
weekend,週末,名詞
Take care,気をつけてね,会話表現
soon,すぐに,副詞
Welcome back,おかえりなさい,会話表現
still,まだ,副詞
practice,練習する,動詞
Long time no see,久しぶり,会話表現
during,～のあいだ,前置詞
Here you are,はい、どうぞ,会話表現
enjoy,楽しむ,動詞
After you,どうぞおさき先に,会話表現
sell,売る,動詞
No problem,問題ないよ,会話表現
join,参加する,動詞
You're welcome,どういたしまして,会話表現
so,とても,副詞
That's all right,大丈夫ですよ,会話表現
leave,去る,動詞
enough,十分な,形容詞
Never mind,気にしないで,会話表現
happen,起こる,動詞
It can't be helped,しかたないよ,会話表現
different,違った,形容詞
invite,招待する,動詞
I appreciate it,感謝しています,会話表現
plan,計画する,動詞
My pleasure,よろこんで,会話表現
ask,尋ねる,動詞
Sorry to bother you,おじゃましてすみません,会話表現
Thank you anyway,とにかくありがとう,会話表現
sick,病気の,形容詞
excited,興奮した,形容詞
I owe you one,借りができたよ,会話表現
library,図書館,名詞
Don't mention it,いえいえ,会話表現
visit,訪問する,動詞
cheap,安い,形容詞
Please wait a minute,ちょっと待ってください,会話表現
then,そのとき,副詞
May I come in,はい入ってもいいですか,会話表現
show,見せる,動詞
what about,～はどうですか,熟語
Can I ask a question,質問してもいいですか,会話表現
garden,庭,名詞
Could you say that again,もういちど一度言ってくれますか,会話表現
look for,探す,熟語
meet,会う,動詞
Please speak more slowly,もっとゆっくり話してください,会話表現
Could you show me the way,道を教えてくれますか,会話表現
by,のそばに,前置詞
stay,滞在する,動詞
hope,望む,動詞
Can I try it on,試着してもいいですか,会話表現
delicious,おいしい,形容詞
Please call me later,あとで電話してください,会話表現
together,一緒に,副詞
Can you carry this for me,これを運んでくれる,会話表現
May I borrow this book,この本を借りてもいいですか,会話表現
festival,祭り,名詞
vacation,休暇,名詞
Please turn off the light,電気を消してください,会話表現
noon,正午,名詞
Shall I help you,手伝いましょうか,会話表現
important,重要な,形容詞
Let me help you,手伝わせてください,会話表現
I'll carry it for you,それをあなたのために運ぶよ,会話表現
look,見る,動詞
I'll get the door,ドアを開けるよ,会話表現
have to,～しなければならない,熟語
I'll call you back,折り返し電話するよ,会話表現
grow,育てる,動詞
carry,運ぶ,動詞
Let me know,教えてね,会話表現
heavy,重い,形容詞
Tell me if you need anything,何か必要なら言ってね,会話表現
need to,～する必要がある,熟語
sure,確信して,形容詞
I'll be right back,すぐ戻るよ,会話表現
arrive,到着する,動詞
Why don't we take a bus,バスで行かない,会話表現
How about some coffee,コーヒーはどう,会話表現
place,場所,名詞
Shall we start now,今はじめようか,会話表現
break,壊れる,動詞
June,6月,名詞
usually,普通は,副詞
Let's eat out tonight,こんや今夜は外食しよう,会話表現
win,勝つ,動詞
Why don't you ask her,彼女に聞いてみたら,会話表現
healthy,健康な,形容詞
How about this one,これはどう,会話表現
Let's take a break,休憩しよう,会話表現
how often,どのぐらいの頻度,熟語
Shall we play tennis,テニスをしようか,会話表現
dictionary,辞書,名詞
Why don't we go swimming,泳ぎに行かない,会話表現
put,置く,動詞
Let's meet at noon,正午に会おう,会話表現
difficult,難しい,形容詞
How about next Sunday,次の日曜日はどう,会話表現
when,～するとき,接続詞
beside,横に,前置詞
Shall we watch a movie,映画を見ようか,会話表現
strong,強い,形容詞
Let's leave early,早く出発しよう,会話表現
believe,信じる,動詞
sad,悲しい,形容詞
Why don't you come with us,いっしょに来たら,会話表現
should,～すべきである,助動詞
It's almost nine,もうすぐ9時です,会話表現
clock,時計,名詞
bright,明るい,形容詞
I'm free this afternoon,今日の午後は空いています,会話表現
again,もう一度,副詞
I have plans tomorrow,明日は予定があります,会話表現
hear,聞く,動詞
look forward to,～をたのしみにする,熟語
I'm leaving on Monday,月曜日に出発します,会話表現
cook,料理する,動詞
The train leaves soon,電車はもうすぐ出ます,会話表現
drive,運転する,動詞
get,得る,動詞
We should hurry,急がないと,会話表現
find,見つける,動詞
I'm on my way,今向かっています,会話表現
lake,湖,名詞
really,本当に,副詞
I'll be there at two,2時に着きます,会話表現
sometimes,時々,副詞
It starts at ten,10時に始まります,会話表現
exciting,興奮させる,形容詞
write,書く,動詞
make,作る,動詞
What time should we meet,何時に会いましょうか,会話表現
tall,高い,形容詞
Are you busy now,今忙しいですか,会話表現
I'm ready to go,出かける準備ができました,会話表現
July,7月,名詞
We have plenty of time,時間はたっぷりあります,会話表現
pay,支払う,動詞
season,季節,名詞
I'm running late,少し遅れています,会話表現
already,すでに,副詞
We had a test this morning,今朝テストがありました,会話表現
sold out,売り切れ,熟語
I forgot my homework,宿題を忘れました,会話表現
March,3月,名詞
I need my dictionary,辞書が必要です,会話表現
math,数学,名詞
Please hand in your report,レポートを提出してください,会話表現
people,人々,名詞
I left school early,早退しました,会話表現
care,注意する,動詞
We don't have practice today,今日は練習がありません,会話表現
I have to study for the exam,試験勉強をしなければなりません,会話表現
large,大きい,形容詞
get married,結婚する,熟語
city hall,市庁舎,名詞
May I use the computer,コンピューターを使ってもいいですか,会話表現
bank,銀行,名詞
The class is over,授業は終わりです,会話表現
prize,賞,名詞
save,節約する,動詞
Open your textbooks,教科書を開いてください,会話表現
I don't know the answer,答えがわかりません,会話表現
clothes,服,名詞
museum,博物館,名詞
Could you help me with math,数学を手伝ってくれますか,会話表現
choose,選ぶ,動詞
I got a good score,いい点を取りました,会話表現
cousin,いとこ,名詞
everywhere,どこでも,副詞
I'm nervous about the test,テストが心配です,会話表現
plant,植物,名詞
Can I help you,いらっしゃいませ。何かお探しですか,会話表現
try,試す,動詞
if,もし～なら,接続詞
another,もうひと一つの,形容詞
I'm just looking,見ているだけです,会話表現
Do you have a larger size,もっと大きいサイズはありますか,会話表現
meaning,意味,名詞
hit,打つ,動詞
Can I try this on,これを試着してもいいですか,会話表現
angry,怒った,形容詞
I'll take it,これにします,会話表現
map,地図,名詞
be proud of,～を誇りに思う,熟語
dirty,汚い,形容詞
Do you take credit cards,クレジットカードは使えますか,会話表現
It's on sale today,今日はセールです,会話表現
promise,約束,名詞
problem,問題,名詞
I'm looking for a gift,プレゼントを探しています,会話表現
who,だれ,代名詞
It's too expensive,高すぎます,会話表現
what,なに,代名詞
how,どのぐらい,副詞
Do you have it in blue,青はありますか,会話表現
once,かつて,副詞
Can you wrap it, please,つつ包んでもらえますか
twice,2回,副詞
salt,塩,名詞
I'm out of money,お金が足りません,会話表現
hurry up,急ぐ,熟語
Here is your change,おつりです,会話表現
accident,事故,名詞
I'd like a salad, please,サラダをお願いします
more than,より多い,熟語
Could I have some water,水をいただけますか,会話表現
cost,費用,名詞
star,星,名詞
May I see the menu,メニューを見てもいいですか,会話表現
keep,保つ,動詞
I'm ready to order,注文の準備ができました,会話表現
late,遅い,形容詞
cold,冷たい,形容詞
food,食べ物,名詞
No tomatoes, please,トマトは抜いてください
The food is delicious,料理がおいしいです,会話表現
clean,きれいな,形容詞
right away,ただ直ちに,熟語
It's too spicy for me,私にはから辛すぎます,会話表現
trip,旅行,名詞
Could we have the bill,会計をお願いします,会話表現
far from,～からとお遠い,熟語
zoo,動物園,名詞
wash,洗う,動詞
I'll have the same,同じものをお願いします,会話表現
pick up,拾う,熟語
Is breakfast included,朝食はついていますか,会話表現
fun,楽しみ,名詞
grandfather,祖父,名詞
I'm full,おなかいっぱいです,会話表現
travel,旅行,動詞
Save some for me,少しのこ残しておいて,会話表現
other,ほかの,形容詞
attention,注意,名詞
husband,夫,名詞
This smells good,いいにおいがします,会話表現
I don't eat meat,肉は食べません,会話表現
interesting,面白い,形容詞
often,しばしば,副詞
I'm going to the station,駅に行きます,会話表現
boring,つまらない,形容詞
Which bus should I take,どのバスに乗ればいいですか,会話表現
glad,うれしい,形容詞
below,した下に,副詞
turn,曲がる,動詞
We missed the train,電車に乗り遅れました,会話表現
wide,幅のひろい,形容詞
This seat is taken,このせき席は空いていません,会話表現
loud,騒がしい,形容詞
amazing,驚くべき,形容詞
How long does it take,どのくらいかかりますか,会話表現
price,値段,名詞
It's a ten-minute walk,ある歩いて10分です,会話表現
each,おのおの,形容詞
Turn left at the corner,角を左に曲がってください,会話表現
Go straight ahead,まっすぐ進んでください,会話表現
hard,いっしょうけんめい一生懸命に,副詞
Is this the right way,この道で合っていますか,会話表現
I got off at the wrong station,間違った駅で降りました,会話表現
ocean,大洋,名詞
luck,運,名詞
Please tell me when to get off,降りるときに教えてください,会話表現
bakery,パン屋,名詞
My passport is missing,パスポートが見当たりません,会話表現
busy,忙しい,形容詞
tonight,今夜は,副詞
It's getting cold,寒くなってきました,会話表現
cloudy,曇った,形容詞
Take an umbrella with you,傘を持って行って,会話表現
think,考える,動詞
Spring is my favorite season,春が一番好きな季節です,会話表現
become,～になる,動詞
It's too cold to go out,外に出るには寒すぎます,会話表現
imagine,想像する,動詞
Summer vacation starts soon,もうすぐ夏休みです,会話表現
without,～なしに,前置詞
I love autumn leaves,紅葉が大好きです,会話表現
through,通り抜けて,前置詞
since,いらい以来,前置詞
horizon,地平線,名詞
The sun is coming out,日がさしてきました,会話表現
turn on,を点ける,熟語
How are you feeling,気分はどうですか,会話表現
turn off,を消す,熟語
buy,買う,動詞
I have a fever,熱があります,会話表現
I have a headache,頭が痛いです,会話表現
rule,支配,名詞
I caught a cold,風邪をひきました,会話表現
wallet,財布,名詞
You should get some rest,少し休んだほうがいいよ,会話表現
ride,の乗る,動詞
Take this medicine,この薬を飲んでください,会話表現
I feel much better now,もうずっとよくなりました,会話表現
scientist,科学者,名詞
rainy,雨降りの,形容詞
My stomach hurts,おなかが痛いです,会話表現
steal,盗む,動詞
I need to see a doctor,医者に診てもらう必要があります,会話表現
mirror,鏡,名詞
stay with,～といっしょに過ごす,熟語
Don't stay up late,夜更かししないで,会話表現
Drink plenty of water,水をたくさん飲んで,会話表現
feel,感じる,動詞
quick,速い,形容詞
I twisted my ankle,足首をひねりました,会話表現
ever,今まで,副詞
I'm a little tired,少し疲れています,会話表現
local,地元の,形容詞
Get well soon,早くよくなってね,会話表現
lend,貸す,動詞
I like this one,こちらが好きです,会話表現
hole,穴,名詞
I don't like spicy food,辛い食べ物は好きではありません,会話表現
finger,指,名詞
It sounds great,それはよさそうです,会話表現
head,頭,名詞
hand,手,名詞
That's a good idea,それはいい考えです,会話表現
shape,形,名詞
I agree with you,あなたに賛成です,会話表現
country,国,名詞
I prefer tea to coffee,コーヒーより紅茶の方が好きです,会話表現
This is my favorite song,これは私の一番好きな歌です,会話表現
I'm interested in art,美術に興味があります,会話表現
visitor,観光客,名詞
I enjoy reading,読書を楽しんでいます,会話表現
boil,煮る,動詞
history,歴史,名詞
grew,育った,動詞
It looks delicious,おいしそうです,会話表現
joined,参加した,動詞
That's too difficult for me,それは私には難しすぎます,会話表現
letter,手紙,名詞
why,なぜ,副詞
I practice every day,毎日練習します,会話表現
Saturday,土曜日,名詞
I'm on the school team,学校のチームに入っています,会話表現
Friday,金曜日,名詞
Wednesday,水曜日,名詞
The game starts soon,試合はもうすぐ始まります,会話表現
few,いくつかの,形容詞
We won the match,試合に勝ちました,会話表現
piece,欠片,名詞
went,行った,動詞
We lost by one point,1点差で負けました,会話表現
understand,理解する,動詞
I'm a little worried,少し不安です,会話表現
reason,理由,名詞
pick,選ぶ,動詞
peaceful,平和な,形容詞
Let's cheer for them,みんなを応援しよう,会話表現
I didn't practice much,あまり練習しませんでした,会話表現
round,周りに,前置詞
thirsty,のどのかわ乾いた,形容詞
That was a great game,素晴らしい試合でした,会話表現
same,同じ,形容詞
Please leave a message,伝言を残してください,会話表現
more,もっと,副詞
Can I speak to Ken,ケンさんをお願いします,会話表現
let's,～しよう,熟語
Hold on, please,少々お待ちください
just a moment,少し間,熟語
vegetable,野菜,名詞
The line is busy,話し中です,会話表現
May,5月,名詞
I'll text you later,あとでメッセージするね,会話表現
date,日付,名詞
February,2月,名詞
such,そのような,形容詞
My phone is out of battery,携帯の電池が切れました,会話表現
Can you hear me,聞こえますか,会話表現
wife,妻,名詞
move,動く,動詞
The connection is bad,電波が悪いです,会話表現
daughter,娘,名詞
I'll send you the photo,写真をお送るね,会話表現
always,いつも,副詞
be kind to,～に親切にする,熟語
everyone,みんな,代名詞
Check your email, please,メールを確認してください
I got your message,メッセージを受け取りました,会話表現
side,側,名詞
Sorry, wrong number,すみません、番号を間違えました
hungry,空腹の,形容詞
Please call me back,折り返し電話してください,会話表現
here,ここに,副詞
last,最後の,形容詞
headache,頭痛,名詞
I can't find my key,鍵が見つかりません,会話表現
mountain,山,名詞
I lost my wallet,財布をなくしました,会話表現
anywhere,どこでも,副詞
brush,を磨く,動詞
My bike is broken,自転車が壊れています,会話表現
breakfast,朝食,名詞
I forgot my ticket,切符を忘れました,会話表現
hat,帽子,名詞
dinner,夕食,名詞
watch,見る,動詞
I left it at home,それを家に置いてきました,会話表現
around,のまわりに,前置詞
Something is wrong,何かおかしいです,会話表現
salad,サラダ,名詞
My shoes are wet,靴が濡れています,会話表現
I made a mistake,間違えました,会話表現
design,設計する,動詞
long,長い,形容詞
You did your best,よくがんばったね,会話表現
I'm proud of you,あなたを誇りに思うよ,会話表現
injure,傷つける,動詞
theater,劇場,名詞
That happens sometimes,そういうこともあるよ,会話表現
Cheer up,元気を出して,会話表現
die,死ぬ,動詞
every year,毎年,熟語
You'll be fine,きっとうまくいくよ,会話表現
fast,速い,形容詞
Take your time,ゆっくりでいいよ,会話表現
umbrella,傘,名詞
Keep trying,あきらめずに続けて,会話表現
picture,絵,名詞
That's too bad,それは残念だね,会話表現
art,芸術,名詞
too,～もまた,副詞
Congratulations,おめでとう,会話表現
grandmother,祖母,名詞
I'm happy for you,あなたのことが嬉しいよ,会話表現
doctor,医者,名詞
teach,教える,動詞
What a surprise,びっくりした,会話表現
station,駅,名詞
Sounds fun,楽しそう,会話表現
after,～の後で,前置詞
airplane,飛行機,名詞
memory,記憶,名詞
I'm glad to hear that,それを聞いてうれしいです,会話表現
wish,望む,動詞
I'm home,ただいま,会話表現
answer,答える,動詞
example,例,名詞
Dinner is ready,ごはんができたよ,会話表現
Please set the table,テーブルを準備してください,会話表現
century,世紀,名詞
Don't forget to lock the door,ドアの鍵を忘れないで,会話表現
Can you take out the trash,ごみを出してくれる,会話表現
finish,終える,動詞
I'm doing the laundry,洗濯をしています,会話表現
in those days,当時は,熟語
Please clean your room,部屋を片づけてください,会話表現
noisy,騒がしい,形容詞
hospital,病院,名詞
The room is dark,部屋が暗いです,会話表現
fact,事実,名詞
Turn on the light, please,電気をつけてください
Let's meet in front of the station,駅前で会いましょう,会話表現
I'll be back by six,6時までに戻ります,会話表現
I have an appointment,約束があります,会話表現
toy,玩具,名詞
I need to make a copy,コピーを取る必要があります,会話表現
November,11月,名詞
I was stuck in traffic,渋滞にはまっていました,会話表現
support,支援する,動詞
It's just around the corner,すぐそこの角です,会話表現
outside,外側に,前置詞
forget,忘れる,動詞
I'm on my lunch break,昼休み中です,会話表現
I want to go again,また行きたいです,会話表現
tooth,歯,名詞
rest,休息する,動詞
This is my first time,これが初めてです,会話表現
This is my second time,これで2回目です,会話表現
finally,ついに,副詞
river,川,名詞
pond,池,名詞
I'm looking forward to it,楽しみにしています,会話表現
hill,丘,名詞
There's a big lake there,そこには大きな湖があります,会話表現
cry,泣く,動詞
It's too crowded,人が多すぎます,会話表現
grade,評価,名詞
It's my piece of cake,それは私のケーキです,会話表現
meat,肉,名詞
kind,種類,名詞
square,正方形の,形容詞
a kind of,一種の,熟語
bread,パン,名詞
quickly,素早く,副詞
burn,燃やす,動詞
word,言葉,名詞
not at all,全くない,熟語
farmer,農家,名詞
market,市場,名詞
health,健康,名詞
fresh,新鮮な,形容詞
build,建てる,動詞
future,未来,名詞
never,度もない,副詞
silent,静かな,形容詞
interest,興味,名詞
speak,話す,動詞
somewhere,どこかに,副詞
clever,利口な,形容詞
very,非常に,副詞
held,握った,動詞
know,知っている,動詞
color,色,名詞
afternoon,午後,名詞
sun,太陽,名詞
summer,夏,名詞
soil,土,名詞
thousand,千,名詞
horse,馬,名詞
lost,失った,動詞
April,4月,名詞
won,勝った,動詞
tell,伝える,動詞
cloud,雲,名詞
exchange,交換,動詞
shake,振える,動詞
where,どこに,疑問詞
poor,貧乏な,形容詞
gave,与えた,動詞
take,取る,動詞
walk,散歩,名詞
both,両方の,形容詞
studied,勉強した,動詞
sold,売った,動詞
spoke,話した,動詞
made,作った,動詞
yesterday,昨日,副詞
because,なぜなら,接続詞
dangerous,危険な,形容詞
island,島,名詞
beginning,最初,名詞
in season,旬で,熟語
heaven,天国,名詞
fool,馬鹿,名詞
evacuation,避難,名詞
found,見つけた,動詞
personal,個人の,形容詞
drop out,中退する,熟語
shout,叫ぶ,動詞
many,多くの,形容詞
sentence,文,名詞
up until,まで,熟語
calligraphy,書道,名詞
calm,落ち着いた,形容詞
thousands of,何千もの,熟語
unhappy,不幸な,形容詞
well,健康な,副詞
awesome,素晴らしい,形容詞
enemy,敵,名詞
someone,だれか,代名詞
arrow,矢,名詞
fight,戦う,動詞
sent,送った,動詞
announce,発表する,動詞
latest,最新の,形容詞
hurry,急ぐ,動詞
shelter,避難所,名詞
surprisingly,驚いたことには,副詞
cancer,がん,名詞
fill,いっぱいにする,動詞
spelling,綴り,名詞
beer,ビール,名詞
gas,ガソリン,名詞
between,～と～のあいだ,前置詞
disagree,意見が合わない,動詞
eat out,外食する,熟語
would like to ～,に～してほしい,熟語
palace,宮殿,名詞
bake,焼く,動詞
sailor,船員,名詞
tell to ～,に～するように言う,熟語
electronic device,電子機器,熟語
get fired,解雇される,熟語
border,国境,名詞
usual,通常の,形容詞
death,死,名詞
inventor,発明家,名詞
born,生まれる,形容詞
earth,地球,名詞
barber,散髪屋,名詞
earthquake,地震,名詞
laugh,笑う,動詞
tough,困難な,形容詞
lip,唇,名詞
tightly,しっかりと,副詞
bridge,橋,名詞
relatively,比較的,副詞
row,漕ぐ,動詞
drove,運転した,動詞
low,低い,形容詞
be excited,興奮をする,熟語
branch,枝,名詞
tie,ネクタイ,名詞
wind,風,名詞
in case of,の場合には,熟語
make all the difference,大きなちが違いを生む,熟語
peace,平和,名詞
not only but also ～,だけでなく～もまた,熟語
rose,昇った,動詞
most,だいぶぶん大部分の,形容詞
strict,きび厳しい,形容詞
artistic,げいじゅつてき芸術的な,形容詞
little,ほとんど～ない,形容詞
roof,屋根,名詞
drop,落ちる,動詞
what to,なに何をすべきか,熟語
east,東,名詞
absent,欠席の,形容詞
ecosystem,せいたいけい生態系,名詞
illiterate,よ読み書きのできない,形容詞
land,と土地,名詞
creative,そうぞうりょく創造力のある,形容詞
overseas,がいこく外国へ,副詞
flat,たい平らな,形容詞
daily,にちじょう日常の,形容詞
hopeful,きぼう希望を持っている,形容詞
one by one,ひと一つずつ,熟語
be ready for,ようい用意ができている,熟語
port,みなと港,名詞
researcher,けんきゅうしゃ研究者,名詞
functional,じつようてき実用的な,形容詞
leaf,は葉,名詞
climb,のぼ登る,動詞
amaze,をびっくりさせる,動詞
valley,たに谷,名詞
human being,にんげん人間,名詞
monthly,つき月に1回の,形容詞
second,びょう秒,名詞
get out,そと外へ出る,熟語
silk,きぬ絹,名詞
endangered,ぜつめつ絶滅の危機にさらされている,形容詞
gym,たいいくかん体育館,名詞
breed,しいく飼育する,動詞
wrap,つつ包む,動詞
railway,てつどう鉄道,名詞
shoulder,かた肩,名詞
lead,みちび導く,動詞
foot,あし足,名詞
south,みなみ南,名詞
let,～に～をさせる,動詞
jewel,ほうせき宝石,名詞
though,だけれども,接続詞
be in danger of,の きけん危険にさらされている,熟語
dead,し死んだ,形容詞
hundred,ひゃく百,名詞
countryside,いなか田舎,名詞
limited,かぎ限られた,形容詞
human rights,じんけん人権,名詞
holy,しんせい神聖な,形容詞
survive,のこ残る,動詞
weekly,しゅうかん週刊の,形容詞
magazine,ざっし雑誌,名詞