profile,人物の紹介,名詞
appetite,食欲,名詞
impulse,衝動,名詞
script,台本,名詞
anniversary,記念日,名詞
pension,年金,名詞
temper,気質,名詞
cortex,皮質,名詞
syndrome,症候群,名詞
chamber,部屋,名詞
utility,公共事業,名詞
cattle,牛,名詞
herd,群れ,名詞
fluid,流動体,名詞
pity,残念なこと,名詞
priest,聖職者,名詞
acquaintance,知人,名詞
offspring,子孫,名詞
famine,飢饉,名詞
deforestation,森林伐採,名詞
jail,刑務所,名詞
commodity,商品,名詞
format,書式,名詞
recipient,受け取る人,名詞
drill,訓練,名詞
inability,無能,名詞
republic,共和国,名詞
combat,戦闘,名詞
debris,残骸,名詞
bug,病原菌,名詞
fraction,わずか,名詞
index,指標,名詞
intuition,直感,名詞
motive,動機,名詞
hierarchy,階層制,名詞
monument,記念碑,名詞
asset,資産,名詞
decent,まずまずの,形容詞
competent,有能な,形容詞
straightforward,単純な,形容詞
cosmetic,化粧の,形容詞
delicate,繊細な,形容詞
interior,室内の,形容詞
transparent,透明な,形容詞
aesthetic,美的な,形容詞
deliberate,故意の,形容詞
demographic,人口統計学の,形容詞
prehistoric,有史以前の,形容詞
innate,生まれながらの,形容詞
mild,穏やかな,形容詞
toxic,有毒な,形容詞
ashamed,恥じて,形容詞
humble,謙虚な,形容詞
steep,急な,形容詞
magnificent,壮大な,形容詞
wireless,無線の,形容詞
ongoing,継続している,形容詞
assure,に言う,動詞
precede,に先行する,動詞
revive,を復活させる,動詞
blossom,花が咲く,動詞
terrify,を怖がらせる,動詞
deceive,をだます,動詞
manipulate,を操る,動詞
starve,飢える,動詞
flee,逃げる,動詞
whisper,をささやく,動詞
yell,叫ぶ,動詞
deposit,を置く,動詞
swing,を揺らす,動詞
prolong,を長引かせる,動詞
depict,を描く,動詞
outline,の要点を述べる,動詞
shed,を捨て去る,動詞
emit,を出す,動詞
renew,を更新する,動詞
utilize,を利用する,動詞
assert,を主張する,動詞
strive,努力する,動詞
dare,思い切ってする,動詞
boast,を誇る,動詞
startle,をびっくりさせる,動詞
compute,を計算する,動詞
worsen,を悪化させる,動詞
flip,を裏返す,動詞
rub,をこする,動詞
descend,降りる,動詞
compensate,補償する,動詞
comprise,から成る,動詞
quest,探究,名詞
dignity,尊厳,名詞
criterion,基準,名詞
paradox,逆説,名詞
parliament,議会,名詞
legislation,法律,名詞
agenda,協議事項,名詞
mainstream,主流,名詞
troop,軍隊,名詞
epidemic,流行病,名詞
outbreak,発生,名詞
chaos,混沌,名詞
nightmare,悪夢,名詞
horror,恐怖,名詞
cluster,集団,名詞
pollen,花粉,名詞
hive,ミツバチの巣,名詞
irrigation,灌漑,名詞
dose,服用量,名詞
suicide,自殺,名詞
feast,祝宴,名詞
cuisine,料理,名詞
rumor,うわさ,名詞
proverb,ことわざ,名詞
signature,署名,名詞
formula,公式,名詞
tuition,授業料,名詞
intake,摂取量,名詞
spectrum,スペクトル,名詞
kidney,腎臓,名詞
gear,歯車,名詞
aisle,通路,名詞
grief,悲しみ,名詞
destiny,運命,名詞
skull,頭骨,名詞
tomb,墓,名詞
monk,修道士,名詞
worship,礼拝,名詞
outstanding,際立った,形容詞
unprecedented,前例のない,形容詞
infinite,無限の,形容詞
worthwhile,価値がある,形容詞
indispensable,不可欠な,形容詞
probable,ありそうな,形容詞
ambiguous,あいまいな,形容詞
obscure,知られていない,形容詞
static,静的な,形容詞
gradual,徐々の,形容詞
vocal,声の,形容詞
imperial,帝国の,形容詞
hostile,敵意のある,形容詞
scarce,乏しい,形容詞
gross,総計の,形容詞
inherent,本来的に備わっている,形容詞
notable,注目に値する,形容詞
update,を最新のものにする,動詞
refresh,をさわやかにする,動詞
bloom,花が咲く,動詞
conquer,を征服する,動詞
induce,を引き起こす,動詞
attain,を獲得する,動詞
spray,を吹きかける,動詞
retrieve,を検索する,動詞
portray,を描く,動詞
scratch,を引っかく,動詞
contradict,と矛盾する,動詞
sigh,ため息をつく,動詞
disrupt,を混乱させる,動詞
depart,出発する,動詞
navigate,を誘導する,動詞
beg,に頼む,動詞
inhabit,に住んでいる,動詞
diagnose,を診断する,動詞
comprehend,を理解する,動詞
oblige,に義務づける,動詞
cram,に詰め込む,動詞
flock,群がる,動詞
underestimate,を過小評価する,動詞
spark,を引き起こす,動詞
soar,急上昇する,動詞
glow,光り輝く,動詞
disguise,を変装させる,動詞
distort,を歪める,動詞
undermine,を徐々にむしばむ,動詞
strip,を取り去る,動詞
dispose,を処分する,動詞
dump,を投棄する,動詞
weave,を織る,動詞
refine,を洗練する,動詞
enrich,を豊かにする,動詞
coordinate,を調整する,動詞
headline,見出し,名詞
internship,実務研修,名詞
outlet,直売店,名詞
remedy,治療法,名詞
pill,錠剤,名詞
reception,反応,名詞
transaction,取引,名詞
mutation,突然変異,名詞
dairy,乳製品,名詞
compassion,同情,名詞
posture,姿勢,名詞
curse,悪態,名詞
funeral,葬式,名詞
census,国勢調査,名詞
encyclopedia,百科事典,名詞
cereal,穀物,名詞
patch,部分,名詞
rubbish,ごみ,名詞
maze,迷路,名詞
outlook,見解,名詞
triumph,勝利,名詞
ally,同盟国,名詞
spectator,観客,名詞
sphere,領域,名詞
county,郡,名詞
behalf,利益,名詞
interval,間隔,名詞
circulation,循環,名詞
blade,刃,名詞
theft,窃盗,名詞
vacuum,真空,名詞
collision,衝突,名詞
bargain,買い得品,名詞
landmark,目印,名詞
revenue,歳入,名詞
treaty,条約,名詞
supreme,最高の,形容詞
thorough,徹底的な,形容詞
naked,裸の,形容詞
sincere,心からの,形容詞
insufficient,不十分な,形容詞
dim,薄暗い,形容詞
disabled,障害のある,形容詞
metropolitan,大都市の,形容詞
monetary,金銭的な,形容詞
alternate,代わりの,形容詞
partial,部分的な,形容詞
divine,神の,形容詞
drastic,徹底的な,形容詞
sole,唯一の,形容詞
spatial,空間の,形容詞
neat,きちんとした,形容詞
tidy,整頓された,形容詞
loyal,忠実な,形容詞
bless,に恩恵を与える,動詞
regain,を取り戻す,動詞
entitle,に権利を与える,動詞
halt,を止める,動詞
invade,を侵略する,動詞
squeeze,を押し込む,動詞
crawl,はう,動詞
utter,を発する,動詞
populate,に住む,動詞
steer,を操縦する,動詞
drown,溺死する,動詞
dip,を浸す,動詞
stir,をかき回す,動詞
transplant,を移植する,動詞
reassure,を安心させる,動詞
speculate,推測する,動詞
appoint,を任命する,動詞
intrigue,に興味を持たせる,動詞
contaminate,を汚染する,動詞
swell,膨張する,動詞
delete,を削除する,動詞
tolerate,を許容する,動詞
envy,をうらやむ,動詞
pray,祈る,動詞
confess,を告白する,動詞
resign,を辞任する,動詞
dissolve,を溶かす,動詞
awaken,を目覚めさせる,動詞
conceive,を思いつく,動詞
entrepreneur,起業家,名詞
stake,利害関係,名詞
inflation,インフレ,名詞
sweatshop,搾取工場,名詞
clash,衝突,名詞
sociology,社会学,名詞
ideology,イデオロギー,名詞
margin,余白,名詞
realm,領域,名詞
domain,分野,名詞
algorithm,アルゴリズム,名詞
prairie,大草原,名詞
frontier,最先端,名詞
bullet,銃弾,名詞
shield,盾,名詞
despair,絶望,名詞
radiation,放射線,名詞
placebo,偽薬,名詞
nursery,託児所,名詞
spouse,配偶者,名詞
makeup,化粧,名詞
mummy,ミイラ,名詞
flesh,肉,名詞
limb,手足,名詞
odor,におい,名詞
laundry,洗濯,名詞
tide,潮,名詞
questionnaire,アンケート,名詞
nonsense,ばかげた話,名詞
revenge,復讐,名詞
intellect,知性,名詞
hospitality,親切なもてなし,名詞
librarian,司書,名詞
manuscript,原稿,名詞
obsession,取りつかれること,名詞
hygiene,衛生,名詞
paradigm,パラダイム,名詞
legitimate,合法的な,形容詞
empirical,経験的な,形容詞
immense,膨大な,形容詞
absurd,ばかげた,形容詞
weird,奇妙な,形容詞
accidental,偶然の,形容詞
uneasy,不安な,形容詞
jealous,嫉妬深い,形容詞
feminine,女らしい,形容詞
swift,素早い,形容詞
hollow,空洞の,形容詞
crude,大まかな,形容詞
sore,痛い,形容詞
pessimistic,悲観的な,形容詞
susceptible,影響を受けやすい,形容詞
sheer,純然たる,形容詞
explicit,明白な,形容詞
prone,なりやすい,形容詞
collaborate,共同して働く,動詞
excel,秀でている,動詞
prosper,栄える,動詞
surge,殺到する,動詞
intervene,介入する,動詞
insert,を挿入する,動詞
overtake,を追い抜く,動詞
snap,をパチンと鳴らす,動詞
carve,を彫る,動詞
addict,中毒になる,動詞
convict,に有罪を宣告する,動詞
dictate,を指図する,動詞
prescribe,を処方する,動詞
inhibit,を抑制する,動詞
stray,はぐれる,動詞
roam,歩き回る,動詞
enclose,を同封する,動詞
execute,を実行する,動詞
coincide,同時に起こる,動詞
lag,遅れる,動詞
cling,しがみつく,動詞
erase,を消す,動詞
grind,をひく,動詞
knit,を編む,動詞
inquire,を尋ねる,動詞
leak,漏れる,動詞
smash,を粉砕する,動詞
bounce,跳ねる,動詞
sprawl,不規則に広がる,動詞
converse,会話をする,動詞
recite,を暗唱する,動詞
disregard,を無視する,動詞
frown,眉をひそめる,動詞
evoke,を呼び起こす,動詞
aspire,熱望する,動詞
grace,優雅,名詞
enlightenment,啓蒙,名詞
commerce,商業,名詞
draft,下書き,名詞
barrel,バレル,名詞
timber,木材,名詞
garment,衣服,名詞
thread,糸,名詞
cabinet,内閣,名詞
bureau,局,名詞
autonomy,自律,名詞
toll,損害,名詞
discourse,話し合い,名詞
superstition,迷信,名詞
glimpse,ちらりと見えること,名詞
arithmetic,計算,名詞
glossary,用語小辞典,名詞
archive,公文書,名詞
legacy,遺産,名詞
anthropology,人類学,名詞
rage,激怒,名詞
sorrow,悲しみ,名詞
psychiatrist,精神科医,名詞
ward,行政区,名詞
stall,露店,名詞
flame,炎,名詞
moisture,水分,名詞
irony,皮肉,名詞
warrior,戦士,名詞
astronomy,天文学,名詞
probe,探査機,名詞
tumor,腫瘍,名詞
defect,欠陥,名詞
sanitation,公衆衛生,名詞
longevity,長寿,名詞
scope,範囲,名詞
sentiment,感情,名詞
plausible,もっともらしい,形容詞
masculine,男らしい,形容詞
adverse,不都合な,形容詞
literal,文字どおりの,形容詞
arbitrary,恣意的な,形容詞
anonymous,匿名の,形容詞
antique,骨董の,形容詞
eternal,永遠の,形容詞
intermediate,中級の,形容詞
subordinate,下位の,形容詞
thermal,熱の,形容詞
naive,お人よしの,形容詞
apt,傾向がある,形容詞
extrovert,外向的な,形容詞
conspicuous,目立つ,形容詞
embody,を具現する,動詞
illuminate,を照らす,動詞
console,を慰める,動詞
stack,を積む,動詞
constrain,に強いる,動詞
hinder,を妨げる,動詞
withstand,に耐える,動詞
tweet,をツイートする,動詞
sneeze,くしゃみをする,動詞
blur,をぼかす,動詞
overlap,重なる,動詞
embed,埋め込まれる,動詞
render,を成す,動詞
plunge,を突っ込む,動詞
surrender,を放棄する,動詞
plug,のプラグを差し込む,動詞
suck,を吸う,動詞
mock,をばかにする,動詞
soothe,をなだめる,動詞
stain,を汚す,動詞
shun,を避ける,動詞
flush,を紅潮させる,動詞
contend,と主張する,動詞
roar,うなる,動詞
await,を待つ,動詞
fetch,を持ってくる,動詞
unify,を統一する,動詞
inspect,を点検する,動詞
entail,を伴う,動詞
tactics,作戦,名詞
feat,偉業,名詞
prestige,名声,名詞
analogy,類推,名詞
conscience,良心,名詞
textile,織物,名詞
plague,疫病,名詞
hazard,危険,名詞
metabolism,代謝,名詞
paralysis,麻痺,名詞
grid,供給網,名詞
carriage,馬車,名詞
rebel,反逆者,名詞
regime,政権,名詞
monopoly,独占,名詞
staple,必需食品,名詞
merchandise,商品,名詞
vendor,物売り,名詞
supervisor,監督者,名詞
predecessor,前任者,名詞
personnel,職員,名詞
vessel,船舶,名詞
liver,肝臓,名詞
duration,継続,名詞
certificate,証明書,名詞
geometry,幾何学,名詞
symmetry,対称,名詞
biography,伝記,名詞
masterpiece,傑作,名詞
rhyme,韻,名詞
premium,保険料,名詞
breakdown,崩壊,名詞
courtesy,礼儀正しさ,名詞
protocol,議定書,名詞
specimen,標本,名詞
thesis,論文,名詞
eligible,適格の,形容詞
intrinsic,固有の,形容詞
diligent,勤勉な,形容詞
vocational,職業の,形容詞
bankrupt,破産宣告を受けた,形容詞
maternal,母の,形容詞
fertile,肥沃な,形容詞
ripe,熟した,形容詞
stiff,硬直した,形容詞
acoustic,音響の,形容詞
preliminary,予備の,形容詞
approximate,おおよその,形容詞
implicit,暗黙の,形容詞
punctual,時間を守る,形容詞
compatible,矛盾しない,形容詞
ample,十分すぎるほどの,形容詞
pervasive,隅々に広がった,形容詞
ubiquitous,至る所にある,形容詞
deduce,を推測する,動詞
cater,料理をまかなう,動詞
assault,に暴行する,動詞
torture,を拷問にかける,動詞
bleed,出血する,動詞
erect,を建てる,動詞
arouse,を引き起こす,動詞
doom,運命にある,動詞
mourn,を悼む,動詞
nourish,に栄養を与える,動詞
inject,に注射する,動詞
swear,を誓う,動詞
preoccupy,の心を奪う,動詞
browse,を拾い読みする,動詞
allocate,を割り当てる,動詞
offset,を相殺する,動詞
comply,従う,動詞
embark,乗り出す,動詞
flap,パタパタ動く,動詞
furnish,に備えつける,動詞
forge,を偽造する,動詞
thrust,を押しつける,動詞
resent,に憤慨する,動詞
allege,を主張する,動詞
ascend,上がる,動詞
commence,始まる,動詞
advent,出現,名詞
reign,治世,名詞
diplomacy,外交,名詞
embassy,大使館,名詞
exile,亡命,名詞
refuge,避難,名詞
plight,窮状,名詞
solitude,孤独,名詞
fallacy,誤った考え,名詞
latitude,緯度,名詞
eclipse,食,名詞
basin,流域,名詞
erosion,浸食,名詞
archaeology,考古学,名詞
errand,使い,名詞
rhetoric,修辞,名詞
verse,韻文,名詞
sewage,下水,名詞
complement,補完物,名詞
subsidy,補助金,名詞
mortgage,住宅ローン,名詞
attorney,弁護士,名詞
outfit,衣装一式,名詞
bulk,大半,名詞
reunion,再会,名詞
synthesis,合成,名詞
thirst,渇き,名詞
greed,強欲,名詞
bribe,賄賂,名詞
contempt,軽蔑,名詞
texture,感触,名詞
orphan,孤児,名詞
harassment,嫌がらせ,名詞
hay,干し草,名詞
doctrine,教義,名詞
holistic,全体論の,形容詞
liable,しがちな,形容詞
intelligible,理解できる,形容詞
abrupt,突然の,形容詞
reckless,無謀な,形容詞
eloquent,雄弁な,形容詞
juvenile,青少年の,形容詞
timid,臆病な,形容詞
humid,湿気のある,形容詞
contagious,感染性の,形容詞
dumb,ばかげた,形容詞
monotonous,単調な,形容詞
perpetual,永続的な,形容詞
dizzy,目まいがする,形容詞
mortal,致命的な,形容詞
zealous,熱心な,形容詞
significance,重要性,名詞
count,～を数える； 重要である,動詞
make a difference,重要である,形容詞
trifle,"ささいな事, くだらない事",名詞
eminent,著名な,形容詞
primary,"第1の, 主要な",形容詞
tiny,ちっぽけな,形容詞
unique,"(～に)特有の(to～), 独自の； 唯一の",形容詞
general,"全般的な, 一般的な",形容詞
specify,～を特定する,動詞
evident,明白な,形容詞
institute,"～(法律・制度)を制定する； 協会, 研究所",動詞
subdue,"～を征服する, 支配する, 抑える",動詞
foundation,"基盤, 基礎, 土台",名詞
base,土台、基礎,名詞
ground,"運動場, 地面, 根拠, 理由",名詞
superb,"すばらしい, 見事な",形容詞
supervise,"～を監視する, 指揮する",動詞
complicated,複雑な,形容詞
diffuse,"～をまき散らす, 分散する； 拡散する",動詞
incline,"～を傾ける, (…したい)気持ちにさせる(to do)",動詞
collect,～を集める； 徴収する,動詞
string,"ひも, 糸",名詞
free,自由な； 無料の； 暇な,形容詞
liberty,自由,名詞
get rid of,"～を取り除く, 処分する",動詞
dispose of,"～を処理する, 取り除く",動詞
do away with,"～を捨てる, 廃止する",動詞
provide,"～を(あらかじめ)供給する, 与える",動詞
purpose,目的,形容詞
intention,意図,名詞
destination,"目的地, 行き先",名詞
practical,"実用的な, 現実的な",形容詞
real,"本当の, 本物の, 現実の",名詞
cage,"檻, かご",名詞
in charge of,"～を担当して, の責任者で",動詞
responsible,(～に対して)責任のある(for～),動詞
performance,"実行, 業績, 演技, 演奏",名詞
hardship,"苦難, 苦労",名詞
cope with,"～に取り組む, 対処する",動詞
talent,才能,名詞
gift,"贈り物, (生まれつきの)才能",名詞
ability,能力,名詞
effort,努力,名詞
endeavor,"努力, 試み； 努力する, 試みる",名詞
persevere,ねばる,名詞
once in a while,たまに,名詞
now and then,時々,名詞
frequency,"頻度, 頻繁； 周波数",名詞
at the moment,今のところは,副詞
at present,今のところは,副詞
for the time being,ここしばらくは,副詞
rapid,急速な,形容詞
abruptly,"不意に, 突然",名詞
period,期間； 時代； 時限,名詞
age,"年齢, 時代",名詞
era,時代,名詞
epoch,"新時代, 時代の幕開け",名詞
former,"以前の, 前者の",名詞
posterior,(～より)後の(to～),動詞
prior,（～より）前の（to～）,動詞
simultaneous,"同時の, 同時に起こる",名詞
delay,～を遅らせる； 遅延,動詞
out of date,時代遅れの,名詞
up to date,最新の,名詞
finance,"財政, 資金, 融資",名詞
recede,後退する,動詞
currency,"通貨, 普及",名詞
well off,"裕福な, 暮らし向きがいい",形容詞
poverty,貧困,名詞
property,"財産, 所有物, 特性",名詞
save,"～を貯める, 節約する； 省く, ～を救う",動詞
extravagant,"金遣いの荒い, 過度の, 法外な",形容詞
cost,費用,名詞
area,"地域, 領域",名詞
quarter,"4ぶんの1, 地域, 界隈",名詞
local,"地域の, 地元の； 地元の人",名詞
suburb,郊外,名詞
border,"境界, 国境",名詞
intrude,"(～に)侵入する(into, on～)",動詞
immigrate,移住する,動詞
emigrate,(国外へ)移住する,動詞
pioneer,"開拓者, 先駆者； ～を開拓する",名詞
introduce,"～を紹介する, ～を(初めて)導入する",動詞
spot,"場所； ～(の位置)を突き止める, 見つける",動詞
apart,(～から)離れて(from～),動詞
aside,脇に,名詞
genre,（芸術・文学の）ジャンル、酒類,名詞
branch,"枝； 支店, 支社, 部門",名詞
glory,栄光,名詞
victory,勝利,名詞
rot,"腐る, 腐敗する",動詞
fraud,詐欺、不正行為,名詞
perish,"消滅する, 死ぬ",名詞
catastrophe,"破滅, 大惨事",名詞
wait,"(～を)待つ(for～), (～に)仕える, 給仕する(on[upon]～)",動詞
odds,"見込み, 勝算",名詞
state,"州, 国家, (一時的な)状態； ～を述べる",名詞
case,"場合, 事件, 訴訟(the), 実情, 事実, 本当, (病気の)症例",名詞
enter,～に入る,動詞
receive,～を受け取る,動詞
accept,～を受け入れる,動詞
appear,"現れる, のように見える",名詞
expect,～を予想する； 期待する,動詞
except,"～を除いて, 以外は",動詞
belong,"(～に)属する, (～の)所有である(to～)",動詞
fail,"(～に)失敗する(in～)； (～)しない, できない(to do)",動詞
marry,～と結婚する,動詞
factor,"要因, 要素",名詞
result,結果； 結果として生ずる,名詞
lead,～を(…へ)導く(to…)； (～を)引き起こす(to～),動詞
risk,"危険, リスク； ～を危険にさらす",動詞
board,"板, 委員会； ～(乗り物)に搭乗する",動詞
rise,"上がる, 増える； 上昇",名詞
raise,"～を上げる； 増やす, ～(子供・家畜)を育てる",動詞
lie,横たわる； 存在する,名詞
lay,～を横たえる； 置く,動詞
salary,給料,名詞
idle,何もしていない； 無用の； 何もしないでいる,形容詞
calm,"冷静な, 落ち着いた； ～を落ち着かせる",動詞
diverse,多様な,形容詞
literate,"読み書きができる, 教養のある",名詞
letter,"手紙, 文字",名詞
monologue,独白,名詞
apology,謝罪,名詞
biology,生物学,名詞
verb,動詞,名詞
adjective,形容詞,名詞
look up,～(単語など)を調べる,動詞
subscribe,(～を)定期購読する(to～),動詞
critical,"決定的な, 批評の",名詞
opinion,意見,名詞
prose,散文,名詞
poetry,詩,名詞
accent,"訛り, 方言",名詞
tongue,"舌, 言語, 言葉",名詞
text,文章； メール； メールを送る； ～にメールを送る,動詞
grammar,文法,名詞
analyze,～を分析する,動詞
expert,"専門家； (～に)熟達した(at, in～)",動詞
scholar,"学者, 奨学生",名詞
geology,地質学,名詞
astrology,占星術,名詞
botany,植物学,名詞
discuss,"～を話し合う, 議論する",動詞
agree,"(～に)(with)賛成する, (to)同意する, 一致する",動詞
exclaim,～と叫ぶ,動詞
quarrel,"口論, 口喧嘩； 口論する",名詞
talk～into doing,～に説得する,動詞
right,権利,名詞
call for,"～を要求する, 必要とする",動詞
retrospect,追想、回想,名詞
spectacle,"見世物, 光景, 眼鏡",名詞
affection,愛情,名詞
dominant,支配的な、より優位にたつ,名詞
rule,～を支配する； 規則,動詞
control,～を抑制する、支配する、制御する； 抑制、支配、制御,動詞
author,著者,名詞
exercise,練習； 運動； ～（力など）を行使する,動詞
win,勝つ； ～（試合など）に勝つ； を獲得する,動詞
lose,負ける； ～を失う； （試合など）に負ける,動詞
count on,～をあてにする、頼りにする,動詞
press,押す； 強く求める； 新聞・雑誌、報道,名詞
menace,脅威,名詞
sense,感覚； 判断力、思慮； 意味； ～に感づく,名詞
devise,考案する,動詞
rejoice,喜ぶ,名詞
gratify,喜ばせる,名詞
anger,怒り,名詞
fury,怒り,名詞
lament,悲しみ嘆く,名詞
sin,罪,名詞
ethics,倫理,名詞
murder,殺人（する）,名詞
testify,証言する,動詞
sentence,判決（を下す）,名詞
prison,刑務所,名詞
deter,抑止する,動詞
violence,暴力,名詞
unity,結束、統一,名詞
union,組合,名詞
dual,２つの、二重の,名詞
innumerable,無数の,名詞
volume,容積、量、かさ； (大型の)本、(本の)１巻； 多量の、かさばった,名詞
amount,量、総計、総額； ～に達する、結局～になる(to),名詞
total,完全な； 合計の：合計,形容詞
huge,巨大な、でっかい,形容詞
utmost,最大の,名詞
add,加える,名詞
subtract,引く,名詞
multiply,掛ける,名詞
multitude,多数,名詞
average,平均の、普通の； 平均,名詞
altogether,全部で； 全く、完全に,名詞
approximately,おおよそ,名詞
beast,獣、動物,名詞
brute,獣、動物,名詞
viewpoint,観点、見地,名詞
standpoint,立場、観点,名詞
cognition,認識,名詞
intelligence,知性； 諜報,名詞
bright,明るい、頭のいい,形容詞
smart,利口な,形容詞
wit,機転、知力,名詞
contemplation,熟考、沈思,名詞
meditate,瞑想する、深く考える,名詞
recollect,思い出す,名詞
infant,幼児,名詞
toddler,幼児,名詞
adult,大人； 大人の,名詞
elderly,年配の、お年寄りの,名詞
maternity,母性,名詞
birthrate,出生率,名詞
abortion,妊娠中絶,名詞
career,職歴、キャリア,名詞
background,背景； 経歴、生い立ち,名詞
farewell,お別れ,名詞
coffin,棺桶,名詞
corpse,死体,名詞
heir,相続人、跡取り,名詞
personal,個人的な,形容詞
private,個人的な,形容詞
self,自己,名詞
male,男性の； 男性,名詞
female,女性の； 女性,名詞
society,社会； 社交,名詞
acquainted,知り合いである,名詞
scorn,軽蔑,名詞
despise,軽蔑する,動詞
look down on,軽蔑する,動詞
hatred,憎悪,名詞
humiliate,屈辱を与える,名詞
put up with,耐える、我慢する,動詞
congratulate,祝う、お祝いを述べる,名詞
gratitude,感謝,名詞
adore,崇拝する、敬愛する,動詞
cooperate,協力する,動詞
make fun of,からかう,名詞
nuisance,迷惑行為、迷惑な人,名詞
standard,基準、標準、水準,名詞
test,テスト、判断基準,名詞
class,クラス、授業； 階級； 分類,名詞
alternative,(取りうる)選択肢、(～の)代案(to～)； 代わりの,名詞
event,(重要な)出来事、事件,名詞
accident,(偶然の)事故、事件； 偶然,名詞
affair,出来事、事件； 関心事； 情事,名詞
take place,(予定されていたことが)起こる、行われる,名詞
condition,状況、体調 ； 条件； ～を条件づける、制約する,名詞
take part,参加する(in～),動詞
indulge,～を没頭させる、甘やかす (～に)没頭する、耽る(in～),動詞
act,行動する； 行動； 法令,動詞
enact,～(法律)を制定する,動詞
politics,政治、政治学,名詞
conserve,～を保存する、守る,動詞
monarchy,君主政治,名詞
aristocracy,貴族階級、貴族社会,名詞
bureaucracy,官僚、官僚主義,名詞
communism,共産主義,名詞
socialism,社会主義,名詞
nationalism,国家主義,名詞
patriotism,愛国主義,名詞
tyranny,専制政治、暴政,名詞
ministry,省庁,名詞
diplomat,外交官,名詞
ambassador,大使,名詞
legislate,法律を制定する,動詞
Senate,上院,名詞
Diet,国会、議会,名詞
run for,～に出馬する,動詞
mayor,市長,名詞
governor,知事,名詞
wheat,小麦,名詞
weed,雑草,名詞
seed,種,名詞
sow,～(種)をまく,動詞
plow,鍬； ～を耕す,動詞
peasant,小作農、農夫,名詞
ranch,牧場,名詞
media,メディア、媒体,名詞
broadcast,～を放送する； 放送,動詞
journalism,ジャーナリズム、報道,名詞
Internet,インターネット,名詞
advertisement,広告,名詞
edit,～を編集する,動詞
cartoon,漫画、アニメ,名詞
create,～を創造する、生み出す,動詞
merchant,商人,名詞
labor,労働,名詞
pharmacy,薬局,名詞
vein,血管、静脈,名詞
artery,動脈,名詞
disease,病気,名詞
ache,(ずきずき)痛む,名詞
cough,咳をする； 咳,動詞
fever,熱,名詞
paralyze,～麻痺させる,動詞
ambulance,救急車,名詞
go through,～を経験する,動詞
cancer,癌,名詞
germ,ばい菌、細菌,名詞
infect,～に感染させる,動詞
organism,生物,名詞
clone,クローン； ～のクローンを作る,動詞
anatomy,解剖学,名詞
chemistry,科学,名詞
vapor,蒸気、気体,名詞
hydrogen,水素,名詞
oxygen,酸素,名詞
atom,原子,名詞
Buddhism,仏教,名詞
Muslim,イスラム教徒、イスラム教の,名詞
Christianity,キリスト教,名詞
Catholic,カトリックの、カトリック教徒,名詞
Protestant,プロテスタントの； 新教徒,名詞
clergy,聖職者,名詞
preach,説く、説教する,動詞
pilgrim,巡礼者,名詞
saint,聖人； 聖人のような人,名詞
holy,神聖な,形容詞
shrine,神社,名詞
temple,寺院、神殿,名詞
ceremony,儀式、式典,名詞
enchant,魔法をかける； 魅了する,名詞
witch,魔女,名詞
tradition,伝統,名詞
accustomed,慣れている,名詞
convention,慣習、因習、しきたり； 大会,名詞
legend,伝説,名詞
nature,自然； 本質； 性質,名詞
develop,～を発達する、開発する； 発症する； 発達する、発育する,動詞
pollute,～を汚染する,動詞
garbage,ゴミ,名詞
trash,ゴミ； ～を捨てる,動詞
petroleum,石油,名詞
global warming,地球温暖化,名詞
greenhouse effect,温室効果,名詞
carbon dioxide,二酸化炭素,名詞
tropical rain forest,熱帯雨林,名詞
acid rain,酸性雨,名詞
ozone layer,オゾン層,名詞
climate,気候,名詞
temperature,温度、気温,名詞
moist,湿った,名詞
hemisphere,半球,名詞
continent,大陸,名詞
Arctic,北極地方,形容詞
pole,極,名詞
longitude,経度,名詞
equator,赤道,名詞
fix,～を固定する； ～を修理する,動詞
sip,～を一口飲む,動詞
spur,～に拍車をかける、駆り立てる,名詞
vow,～を誓う； 誓い,動詞
chill,～を冷やす、に寒気を感じさせる； 寒気、冷たさ,動詞
staff,社員、職員,名詞
roll,転がる； ～を転がす、巻く,名詞
tale,話、物語,名詞
awe,畏敬、畏怖； 畏怖させる,名詞
deed,行動、行為,名詞
path,小道、道筋,名詞
lump,(小さな)かたまり,名詞
heap,(雑然と積み重なった)山,名詞
fuss,大騒ぎ,名詞
dull,退屈な； 頭の鈍い,形容詞
bare,裸の、むき出しの； 最低限の、ギリギリの,名詞
net,正味の、掛け値なしの,名詞
dawn,夜明け； 始まり 夜が明ける,名詞
possibly,ことによると； いったい； 絶対に(…ない),名詞
be about to do,今にも～しそうである,動詞
on the verge of,今にも～しそうである,動詞
on the brink of,今にも～しそうである,動詞
enthusiastic,(～に対し)熱意がある、熱心な(about),形容詞
intent,(～に)熱心な、一生懸命の(on[upon]),名詞
yearn,"(～することを)熱望する(to do, for)",動詞
long for,～を待ち望む； 懐かしく思う,動詞
fit,合う、はまる； ～に(サイズが)合う； 健康な、体調がよい,名詞
suit,～に似合う； (都合が)合う,動詞
go with,～と(組み合わせが)合う； ～に同意する、を受け入れる,名詞
diet,食事、食習慣,名詞
weight,重さ、体重,名詞
hunger,空腹,名詞
dwell,住む、宿る,名詞
residence,住居、居住,名詞
clothes,衣服,名詞
wear,～を着ている； をすり減らす,動詞
household,家庭の 家事,名詞
chore,雑用,名詞
souvenir,（主に自分のための）お土産、記念品,名詞
degree,程度； 学位,名詞
extent,程度、範囲,名詞
scale,規模、程度,名詞
temperate,適度の、節度のある； 穏やかな,名詞
sharply,急速に,名詞
marked,著しい、顕著な,形容詞
partly,部分的に、一部には,副詞
fully,全く、完全に,名詞
terminal,終点の、最終の,名詞
end up,結局～になる（doing）,動詞
in the long run,長い目で見れば、結局は,副詞
for good,永遠に,名詞
rate,(at)割合、速度； ～を評価する,名詞
all in all,全般的に見て、概して,名詞
on the whole,概して、全般的に,名詞
by and large,概して、全般的に,名詞
at large,全体の； 逃走中で,名詞
at length,長々と、詳細にわたって； ついには,名詞
lack,～を欠く； 欠如,動詞
devoid,(～が)欠けている(of),動詞
run out of,～を切らす、使い果たす,動詞
short of,～が不足している,動詞
for want of,～がないので、不足して,名詞
impart,～を(…に)与える、伝える(to …),動詞
endow,～に与える、授ける,名詞
repel,～を追い払う、退ける,動詞
disperse,～を散らす,動詞
circulate,循環する； ～を循環させる； 流通させる,動詞
bump into,～にばったりと出会う,動詞
come across,～に偶然出会う、を偶然見つける,名詞
wipe out,～を消し去る、絶滅させる,動詞
choke,～を窒息させる、詰まらせる； 窒息させる,動詞
suffocate,～を窒息させる,動詞
make up,(～を)埋め合せる、取り戻す(for)； (～と)仲直りする； ～(話)をでっち上げる； 化粧する,名詞
make out,～を理解する、判読する,動詞
make for,～へ向かう； ～(の実現)に役立つ、～を可能にする,名詞
turn out,～であることが分かる、判読する,動詞
turn up,現れる、登場する,動詞
turn down,～(誘い・要求)を断る； の音量を下げる,動詞
turn to,～に頼る,動詞
take in,～を取り入れる； 理解する； を騙す,動詞
take on,～(意味・重要性)を帯びる； (仕事)を引き受ける,動詞
take after,～に似る,動詞
take up,～を占める； を取り上げる,動詞
take over,～(仕事)を引き継ぐ,動詞
take to,～が好きになる、習慣になる,名詞
put out,～を消す,動詞
to put it … / put …,…言うと,名詞
do,間に合う、良い,形容詞
make do with,～で間に合わせる,動詞
give away,～を(ただで)譲る、(秘密・気持ち)を明かす,動詞
give way,(～)に屈する、取って代わられる(to),名詞
give in,(～)に屈する(to),動詞
give off,～(光・熱・期待)を発する,動詞
come up with,～を思いつく,動詞
come about,生じる、起こる,名詞
come into being,生じる,名詞
come to,意識を戻す； (全部で)～になる,動詞
come in handy,便利である、役に立つ,名詞
Come on.,おいおい、冗談だろ,名詞
go on to do,さらに続けて～する,動詞
go off,爆発する,動詞
Go ahead.,どうぞ,名詞
bring about,～を引き起こす、もたらす,動詞
bring oneself to do,～する気になる,動詞
bring A home to B,AをBに分からせる、実感させる,動詞
get at,～を言おうとする,動詞
get by,なんとかやりくりする,動詞
get ～ across,～を伝える、分かってもらう,動詞
get away with,（罰を受けずに・ばれずに）逃げおおせる,名詞
let go of,～を手放す,動詞
let ～ in,～を中に入れる,動詞
let alone ＝ still less,ましてや?ない,形容詞
pull up [over],車をを止める,名詞
make it,(約束・予定通り)やり遂げる、都合がつく、間に合う,名詞
That's it,もう終わりだ； まさにそれだ、その通りだ,名詞
That is that,それでおしまいだ、それだけのこと,名詞
make ～ of A,Aを～と評価する、判断する,動詞
make the most of,～を最大限利用する,動詞
make the best of,～をできる限り利用する,動詞
make sure,確実に～する； ～を確かめる,動詞
make ends meet,やりくりする、帳尻を合わせる,名詞
make believe,～のふりをする、真似をする,動詞
make a scene,ひと騒ぎする、醜態を晒す,名詞
think much of,～を高く評価する,動詞
think better of,～を考え直す、見直す,動詞
think twice,よく考える,名詞
on second thought,考え直して、やっぱり,名詞
show off,～を見せびらかせる、誇示する,動詞
show up,現れる、登場する,動詞
see to,～に対処する、の世話をする、を手配する,動詞
see through,～（嘘など）を見抜く； ～を最後までやり通す； (人)を最後まで助ける,動詞
in the way of A / in A's way,Aの邪魔になって,名詞
make one's way,前進する,動詞
find one's way,たどり着く、入ってくる,名詞
go out of one's way to do,わざわざ～する,動詞
by way of,～を経由して、～によって,動詞
have a way of doing,～する癖がある、傾向がある,名詞
under way,進行中で,名詞
true for [of],～に当てはまる,動詞
hold true [good],当てはまる、通用する,動詞
true to life,実物そっくり,名詞
give rise to,～を生じる、引き起こす,動詞
give birth to,～を産む； 生じる、引き起こす,動詞
put an end to,～を終わらせる,動詞
take turns,交替する、順番にやる,名詞
in turn,それが今度は,副詞
in return,(～の)お返しに(for),動詞
out of the question,論外である、話にならない,形容詞
in question,問題になっている、当の,名詞
on end,続けて,名詞
in a row,続けて,名詞
so far,これ(それ)までのところは,副詞
go so far as to do,～までする,動詞
up to,(最大で)～まで； ～次第で； ～(良くないこと)に従事して、～を企んで,動詞
leave behind,～を置き忘れる、残していく,動詞
leave out,～を省く、除外する、のけ者にする,動詞
rule out,～を除外する,動詞
back and forth,行ったり来たり,名詞
upside down,上下逆さまに,名詞
inside out,裏返しに,名詞
vice versa,その逆、逆もまた同様,名詞
other way around,あべこべ、逆,名詞
this and that,あれこれ、様々なこと,名詞
for the good of,～のために、利益となるように,名詞
as good as,～も同然,動詞
get the better of,～に勝る、打ち勝つ,名詞
know better,～するほど馬鹿ではない、もっと分別がある,名詞
to the best of my knowledge,私の知る限りでは,副詞
to say the least,控えめに言っても,名詞
take ～ for granted,当然とみなす,名詞
take one's word for it,～の言うことを信じる,動詞
take it easy,気楽にやる,名詞
keep up with,～に遅れずについていく,動詞
catch up with,～に追いつく,動詞
fall behind,遅れる,名詞
keep [stay] in touch with,～と連絡を取り合う,動詞
look into,調べる、検討する,動詞
look over,～にざっと目を通す,動詞
look on [upon],～を（…と）みなす(as),動詞
pass on [down],～を（…に）手渡す、伝える(to),動詞
pass for [as],～として（世間に）通る、通用する,動詞
pass out,気絶する,動詞
pass away,亡くなる,名詞
reach (out) for,～に手を伸ばす,動詞
set out [off],(～へ)出発する(for),動詞
set ～ free,～を解放する,動詞
work out,～を解く、考え出す； うまくいく； トレーニングをする,動詞
work on,～(仕事)に取り組む,動詞
pick up,～を拾う、取り上げる； ～を車に乗せる、車で迎える； ～を買う； ～(言語・知識など)を身に付ける,動詞
part with,～を手放す、と別れる,動詞
live on,～に頼って生きる； を主食とする,動詞
fall back on,～に頼る、を最後の拠り所とする,動詞
rest on,～に頼る； に基づく,動詞
cut down on,～を減らす、削減する,動詞
point,要点、言いたいこと,名詞
to the point,的を射ている,名詞
make a point of doing,必ず～することにしている； ～を重視する,動詞
keep an eye on,～を見張る,動詞
have an eye for,～を見る目がある、鑑賞眼がある,動詞
turn a deaf ear to,～を聞こうとしない,動詞
make a face,顔をしかめる,名詞
remain to do,まだ～していない,形容詞
have [be] yet to do,まだ～していない,形容詞
on behalf of,～に代わって、を代表して,名詞
second to none,誰にも負けない,形容詞
once and for all,これを最後に、きっぱりと,名詞
for once,今回だけは、１回でいいから,名詞
at stake,危険にさらされて； 問題となって,名詞
in the wake of,～の後に続いて,動詞
Beats me.,分からない,形容詞
Serves you right.,ざまあみろ、当然の報いだ,名詞
Give me a break.,よしてくれ,名詞
call it a day,今日はもう終わり,名詞
spirit,精神(力)； 気分； 霊魂,名詞
sane,正気の,名詞
injure,～に怪我をさせる,動詞
bruise,あざ、打撲傷 ～に打撲を負わせる,名詞
torment,苦痛； ～を苦しめる,動詞
vigor,活力,名詞
pale,(顔が)青白い、血色が悪い； (色が)淡い,形容詞
tedious,退屈な,形容詞
dreary,退屈な； ものわびしい,形容詞
thumb,親指,名詞
palm,手のひら,名詞
wrist,手首,名詞
fist,握りこぶし,名詞
elbow,ひじ,名詞
muscle,筋肉,名詞
thigh,大股,名詞
knee,膝,名詞
heel,かかと,名詞
ankle,足首,名詞
toe,足の指、つま先,名詞
to one's feet,立って、立った状態で,名詞
chest,胸； タンス,名詞
forehead,ひたい,形容詞
eyebrow,眉毛,名詞
eyelid,まぶた,名詞
eyelash,まつげ,名詞
beard,あごひげ,名詞
jaw,あご,名詞
chin,あご(の先端),名詞
cheek,頬,名詞
shiver,(寒さで)震える,名詞
stroll,(ぶらぶら)歩く,名詞
stride,ひとまたぎ； 進歩； 大股で歩く,名詞
creep,這う、こっそり進む,名詞
linger,(立ち去らずに)ぐずぐずする、残存する,動詞
sniff,くんくん嗅ぐ； ～のにおいを嗅ぐ,動詞
snore,いびきをかく,名詞
sneer,(～を)あざ笑う、鼻で笑う(at),名詞
shrug,肩をすくめる,名詞
clear one's throat,咳払いする,動詞
grimace,しかめ面をする； しかめ面,動詞
mutter,つぶやく,名詞
murmur,つぶやく,名詞
mumble,つぶやく,名詞
shriek,金切り声を上げる、叫ぶ,名詞
sob,すすり泣く,名詞
intricate,複雑な、込み入った,名詞
exquisite,精緻な、素晴らしい,形容詞
proficient,熟達した,名詞
affirmative,肯定の、積極的な,形容詞
horizontal,水平の,名詞
restless,落ち着きがない、せわしない,形容詞
relentless,執拗な、情け容赦のない,形容詞
ruthless,情け容赦のない、冷酷な,形容詞
stupid,ばかな、愚かな,形容詞
silly,ばかな,形容詞
obstinate,頑固な,形容詞
bold,大胆な,形容詞
prudent,慎重な,形容詞
integral,必要不可欠な； 完全な,形容詞
initiative,主導権、率先,名詞
security,安全性,名詞
terror,恐怖,名詞
gap,隔たり、差,名詞
series,連続,名詞
serial,連続した,名詞
irregular,不規則な,形容詞
tight,きつい,形容詞
charity,慈悲、慈善,名詞
athlete,運動選手,名詞
label,～に(…という)レッテルを貼る(as),動詞
loose,ゆるんだ、だらしない,形容詞
amateur,アマチュア、素人,名詞
theme,テーマ、主題,名詞
leisure,余暇,名詞
alcohol,アルコール、酒,名詞
vitamin,ビタミン,名詞
celebrity,有名人,名詞
animate,～を活気づける、に生命を与える,動詞
department,部署、部門、省,名詞
interview,インタビュー、面接,名詞
boss,上司,名詞
cafeteria,社員食堂、学食,名詞
companion,仲間、旅の連れ,名詞
foul,（臭いなどが）不快な、汚い； 反則の； 反則,形容詞
instruct,Aに～するように指示する,動詞
enlighten,～を啓蒙・啓発する、に知らせる,動詞
sign up,（～に）登録する(for),動詞
tutor,家庭教師、個人電話； ～を(個人的に)教える,名詞
sophomore,(高校・大学の)二年生,名詞
diploma,(大学の)学位,名詞
grade,等級、学生； 評価、成績,名詞
vocation,天職,名詞
tool,道具、工具,名詞
machinery,機械類,名詞
apparatus,装置・器具(一式),名詞
gadget,機械器具,名詞
electric,電気の,名詞
electronic,電子の,名詞
vehicle,乗り物； 伝達手段、媒体、原動力,名詞
automobile,自動車,名詞
wheel,車輪； (車の)ハンドル,名詞
pave,～を舗装する,動詞
automatic,自動の,名詞
cover,～を覆う； ～の範囲にわたる； ～を報道する,動詞
fine,すばらしい； 細かい； 罰金； ～に罰金を科す,形容詞
leave,～を出発する； ～を残す； 休暇； 許可,動詞
meet,～に会う； ～(要求・必要)を満たす,動詞
run,走る； ～を経営する,動詞
coin,硬貨； ～(新語)を作り出す,動詞
room,部屋； 空間； 余地、可能性,名詞
story,物語； ～階建て,動詞
check,～を確かめる； ～を抑制する； 検査：抑制、阻止； 小切手,動詞
forward,前方へ； ～(手紙・メール)を転送する,動詞
chance,機会； 可能性、見込み； 偶然,名詞
air,空気、空； 外見、態度、雰囲気,名詞
lot,大量のもの； 区画、用地； 分け前、宿命,名詞
change,～を変える； 変化； 釣り銭、小銭,動詞
second,二番目の、秒、(-s)おかわり,名詞
still,まだ； それでも； 静止した,名詞
cross,～を横切る； 機嫌の悪い,動詞
will,意志； 遺言,名詞
sound,音、～のように聞こえる、思える； 健全な； ぐっすりと、無事に,名詞
fast,速い； 固定した； 速く； しっかりと、ぐっすりと、断食、断食する,形容詞
life,人生； 生活； 生命、人名； （美術での）実物、本物,名詞
art,芸術； 技術； 人文学,名詞
service,奉仕、給仕、設備、公共事業、勤務、礼拝、兵役,名詞
order,命令、注文； 順序、秩序； ～を命じる、注文する,名詞
minute,極めて小さい、微細な,形容詞
excuse,言い訳、理由,名詞
history,歴史、歴史学； 経歴,名詞
dinosaur,恐竜,名詞
ape,サル、類人猿,名詞
upright,直立した 直立して,名詞
civilization,文明,名詞
feudal,封建制の,名詞
Renaissance,(the)ルネサンス,名詞
empire,帝国,名詞
slave,奴隷； (～に)とらわれている人(to～),動詞
modern,現代の,名詞
metropolis,大都市,名詞
bustle,喧噪,名詞
skyscraper,超高層ビル,名詞
army,陸軍、軍隊,名詞
arms,武器、軍備,名詞
navy,海軍,名詞
navigation,航海,名詞
soldier,軍人、兵士,名詞
hostage,捕虜,名詞
sword,剣,名詞
rally,集会； 再結集する,名詞
raid,急襲,名詞
assassination,暗殺,名詞
thus,それ故に； このように,名詞
hence,それ故に； 後に,名詞
notwithstanding,それにもかかわらず,副詞
all the same,それでもやはり、それにもかかわらず,副詞
besides,それに加えて、さらに； ～に加えて,名詞
moreover,さらに,名詞
furthermore,さらに,名詞
on the other hand,その一方で,名詞
meanwhile,その間に,名詞
in the meantime,その間に,名詞
that is (to say),すなわち、つまり,名詞
namely,すなわち、つまり,名詞
in short,手短に言うと、つまりは,副詞
say,例えば,名詞
for instance,例えば,名詞
indeed,確かに、本当に,名詞
somehow,どういうわけか； 何らかの方法で,名詞
otherwise,さもなければ； その他の点で； 違ったふうに、別のやり方で,名詞
given,～仮定すると、があれば、を考慮すると； 特定の、任意の,名詞
rightly,正当に、当然のことながら,名詞
justly,正当に、当然のことながら,名詞
mistakenly,間違って,名詞
reportedly,報じられるところでは,副詞
presumably,おそらく、たぶん,名詞
seemingly,見たところでは,副詞
as a matter of fact,実は,副詞
for that matter,さらに言えば,名詞
thereby,それによって,名詞
whatsoever,全く、少しでも,名詞
beneath,～の下に,動詞
entity,存在物、統一体,名詞
transcend,～を越える、超越する,動詞
ascribe,(…に)～の原因を帰す(to…),動詞
articulate,～を(はっきり)言う、発音する； ～をつなぐ,動詞
delegation,代表派遣、使節,名詞
sanction,制裁； 是認、許可,名詞
amend,～を修正する、改正する,動詞
discern,～を見分ける、識別する,動詞
benign,良性の、害のない； 有益な,形容詞
malicious,悪意的な,形容詞
hypocrisy,偽善,名詞
deteriorate,悪化する,動詞
momentum,力、勢い、運動量,名詞
velocity,速度,名詞
lapse,(時間の)経過； (ちょっとした)誤り,名詞
axis,軸,名詞
resilient,弾力性のある； 回復力のある、立ち直りの早い,名詞
erode,腐食する； ～を腐食する、侵食する,動詞
assimilate,～を同化する； 消化・吸収する； 同化する,動詞
adhere,(～に)くっつく、(を)固守する(to～),名詞
scrutinize,～を綿密に調べる,動詞
censorship,検閲,名詞
defy,～を拒む、に反抗する,動詞
synthesize,～を総合する、合成する、合成して作り出す,動詞
tangible,触れることができる； 明白な、具体的な,名詞
ingenious,創意工夫に富んだ,名詞
ingenuous,純真な、無邪気な,形容詞
proximity,(～に)近いこと(to),動詞
dismay,～を動揺させる； 動揺,動詞
appall,～をぎょっとさせる,動詞
marvel,(～に)驚く、驚き(at～)； 驚き,名詞
perplex,～を当惑させる,動詞
bewilder,～を当惑させる,動詞
astound,～をびっくりさせる,動詞
apprehension,懸念、不安,名詞
deplore,～を嘆く,動詞
agony,苦悩、苦痛,名詞
afflict,～を苦しめる,動詞
ambivalent,矛盾する、相反する、どちらか決めかねて,名詞
unanimous,満場一致の,名詞
ponder,～をじっくり考える,動詞
reckon,～を推定する、と考える,動詞
reap,～を収穫する； (報酬・利益)を手に入れる,動詞
curb,～を抑制する、(歩道の)縁石,動詞
slap,～をぴしゃりと叩く,動詞
clap,～(手)を叩く,動詞
hatch,(卵が)かえる、孵化する,動詞
sew,～を縫う,動詞
sober,しらふの； ありのままの,名詞
kin,血縁、親族,名詞
cosmos,宇宙,名詞
cosmic,宇宙の,名詞
celestial,天体の,名詞
comet,彗星,名詞
psychiatric,精神医学の,名詞
peril,危険,名詞
alleviate,～を軽くする、軽減する,動詞
mandatory,強制的な、必須の,名詞
imperative,必須の、急務の,名詞
heredity,遺伝,名詞
humane,思いやりのある、人道的な,形容詞
maxim,格言、原理,名詞
manifest,～を(言動で)明らかに示す； 明白な,動詞
connotation,"言外の意味, 含蓄",名詞
dogma,教義、定説； 独断,名詞
prophet,予言者,名詞
rectangular,長方形の,名詞
diameter,直径,名詞
wither,しおれる、弱まる,名詞
proliferate,急増する、繁殖する,動詞
immerse,～を浸す； 没頭させる,動詞
hamper,～を妨げる,動詞
delinquent,非行の,名詞
gigantic,巨大な、大きな,形容詞
transact,～(業務・取引)を処理する、行う,名詞
ornament,装飾,名詞
corridor,廊下,名詞
warrant,～を保証する； 正当化する,動詞
mischief,いたずら、悪さ,名詞
